"ID","abbpop","Genotype","lineage","GreenResolved","morph","sex","svl","Orange_TechRep"
"AS02","AS","o/o","IT",1,"white","F",57,NA
"AS03","AS","O/o","IT",1,"white","F",62,NA
"AS04","AS","O/O","IT",1,"white","F",63,NA
"AS06","AS","o/o","IT",1,"orange","F",63,NA
"AS07","AS","O/O","IT",1,"white","F",57,NA
"AS09","AS","o/o","IT",1,"orange","F",61,NA
"AS11","AS","o/o","IT",1,"white","F",58,NA
"AS13","AS","O/o","IT",1,"white","F",62,"O/o"
"AS14","AS","O/O","IT",1,"white","F",62,NA
"AS16","AS","o/o","IT",1,"orange","M",66,"o/o"
"AS17","AS","O/o","IT",1,"white","F",58,"O/o"
"AS18","AS","O/o","IT",1,"white","M",60,"O/o"
"AS19","AS","o/o","IT",1,"orange","F",58,NA
"AS20","AS","O/O","IT",1,"white","M",62,NA
"AS21","AS","O/O","IT",1,"white","M",62,NA
"AS22","AS","O/O","IT",1,"white","F",54,NA
"AS23","AS","O/o","IT",2,"white","M",67,NA
"BF01","BF","O/o","SA",1,"white","F",62,"O/o"
"BF02","BF","O/o","SA",1,"yellow","M",63,"O/o"
"BF03","BF","o/o","SA",1,"orange","F",59,"o/o"
"BF04","BF","O/o","SA",2,"white","M",62,NA
"BF05","BF","o/o","SA",1,"orange","M",64,NA
"BF06","BF","O/o","SA",1,"white","F",61,NA
"BF07","BF","O/O","SA",1,"white","M",61,"O/O"
"BF08","BF","O/o","SA",1,"yellow","F",57,NA
"BF09","BF","O/o","SA",2,"yellow","F",60,NA
"BF10","BF","O/o","SA",1,"white","M",66,NA
"BF11","BF","O/O","SA",1,"white","F",53,NA
"BF12","BF","O/o","SA",1,"white","F",59,NA
"BF13","BF","O/O","SA",4,"yellow","M",66,NA
"BF14","BF","O/O","SA",1,"white","M",59,NA
"BF15","BF","O/o","SA",1,"white","F",61,NA
"BF16","BF","O/O","SA",1,"yellow","F",60,NA
"BF17","BF","O/o","SA",2,"white","M",59,NA
"BF18","BF","O/O","SA",2,"white","M",62,NA
"BF19","BF","O/O","SA",1,"white","F",60,NA
"BF20","BF","O/O","SA",2,"yellow","M",51,NA
"BF21","BF","O/O","SA",1,"white","F",57,NA
"BF22","BF","O/O","SA",1,"white","F",50,NA
"BF23","BF","O/o","SA",1,"white","F",65,NA
"BF24","BF","O/o","SA",1,"white","M",60,NA
"BF25","BF","O/O","SA",1,"yellow","M",62,NA
"BZ01","BZ","O/O","SA",8,"white","F",60,NA
"BZ02","BZ","O/O","SA",9,"white","F",59,NA
"BZ03","BZ","O/O","SA",4,"white","F",58,NA
"BZ04","BZ","O/O","SA",7,"white","M",60,NA
"BZ05","BZ","O/O","SA",2,"white","F",58,NA
"BZ06","BZ","O/O","SA",2,"white","F",58,NA
"BZ07","BZ","O/O","SA",4,"white","F",59,NA
"BZ08","BZ","O/o","SA",1,"white","M",51,NA
"BZ09","BZ","O/O","SA",8,"white","M",63,NA
"BZ10","BZ","O/O","SA",1,"white","F",52,NA
"BZ11","BZ","O/O","SA",2,"white","M",53,NA
"BZ12","BZ","O/O","SA",9,"white","M",66,NA
"BZ13","BZ","O/O","SA",1,"white","F",59,"O/O"
"BZ14","BZ","O/O","SA",9,"yellow","M",56,NA
"BZ15","BZ","O/o","SA",9,"white","M",59,"O/o"
"BZ16","BZ","O/O","SA",6,"white","M",57,"O/O"
"BZ17","BZ","O/O","SA",7,"white","F",62,NA
"BZ18","BZ","O/O","SA",5,"white","M",52,NA
"BZ20","BZ","O/O","SA",4,"white","M",54,NA
"BZ21","BZ","O/O","SA",2,"white","M",52,NA
"BZ22","BZ","O/O","SA",7,"white","M",58,"O/O"
"BZ23","BZ","O/O","SA",4,"white","M",54,NA
"BZ24","BZ","O/O","SA",9,"white","M",60,NA
"CA01","CA","O/O","IT",1,"white","F",52,NA
"CA02","CA","O/O","IT",5,"white","F",54,NA
"CA04","CA","O/O","IT",8,"white","M",55,NA
"CA05","CA","O/O","IT",10,"white","M",63,"O/O"
"CA06","CA","O/O","IT",8,"white","M",63,NA
"CA07","CA","O/O","IT",8,"white","M",70,NA
"CA08","CA","O/O","IT",7,"white","F",62,NA
"CA09","CA","O/O","IT",9,"white","M",67,NA
"CA10","CA","O/O","IT",2,"white","F",51,NA
"CA11","CA","O/O","IT",9,"white","F",62,NA
"CA12","CA","O/o","IT",4,"white","F",50,NA
"CA13","CA","O/O","IT",7,"white","F",58,"O/O"
"CA14","CA","O/O","IT",9,"white","F",58,NA
"CA15","CA","O/O","IT",8,"white","M",56,NA
"CA16","CA","O/O","IT",9,"white","F",60,"O/O"
"CA18","CA","O/O","IT",7,"white","M",56,"O/O"
"CA19","CA","O/O","IT",9,"white","M",63,NA
"CA20","CA","O/o","IT",8,"white","M",60,NA
"CA21","CA","O/O","IT",9,"white","M",56,NA
"CA22","CA","O/O","IT",5,"white","F",53,NA
"CA23","CA","O/O","IT",8,"white","F",58,NA
"CA25","CA","O/o","IT",5,"white","F",52,NA
"CHI02","CHI","O/O","SA",2,"white","F",51,NA
"CHI04","CHI","O/O","SA",6,"white","F",55,NA
"CHI05","CHI","O/O","SA",3,"white","F",52,"O/O"
"CHI06","CHI","O/O","SA",2,"white","M",53,NA
"CHI07","CHI","O/O","SA",8,"white","F",62,"O/O"
"CHI08","CHI","O/O","SA",3,"white","M",56,"O/O"
"CHI09","CHI","O/O","SA",2,"white","M",51,NA
"CHI10","CHI","O/O","SA",7,"white","M",57,NA
"CHI13","CHI","O/O","SA",8,"white","M",63,NA
"CHI14","CHI","O/O","SA",8,"white","M",55,NA
"CHI17","CHI","O/O","SA",9,"white","M",61,"O/O"
"CHI19","CHI","O/O","SA",9,"white","M",68,NA
"CHI21","CHI","O/O","SA",5,"white","F",56,NA
"CHI22","CHI","O/O","SA",9,"white","M",67,NA
"CHI24","CHI","O/O","SA",5,"white","F",61,NA
"CP01","CP","O/O","SA",1,"yellow","F",62,NA
"CP02","CP","O/O","SA",1,"yellow","M",55,NA
"CP03","CP","O/O","SA",1,"yellow","F",59,NA
"CP04","CP","O/O","SA",1,"white","M",59,NA
"CP05","CP","O/O","SA",1,"white","M",64,"O/O"
"CP06","CP","O/o","SA",1,"white","M",57,"O/o"
"CP07","CP","O/O","SA",1,"yellow","M",60,"O/O"
"CP08","CP","O/O","SA",1,"yellow","M",57,"O/o"
"CP09","CP","O/O","SA",1,"white","M",53,NA
"CP10","CP","o/o","SA",1,"orange_yellow","F",59,NA
"CP11","CP","O/O","SA",1,"white","M",63,NA
"CP12","CP","O/O","SA",1,"yellow","M",60,NA
"CP13","CP","O/O","SA",1,"white","M",60,NA
"CP14","CP","O/o","SA",1,"yellow","F",55,NA
"CP15","CP","o/o","SA",1,"orange_yellow","M",61,NA
"CP16","CP","O/O","SA",1,"yellow","F",58,NA
"CP17","CP","O/o","SA",1,"yellow","F",60,NA
"CP18","CP","O/O","SA",1,"yellow","M",51,NA
"CP19","CP","O/O","SA",1,"yellow","M",53,NA
"CP21","CP","O/o","SA",1,"yellow","M",55,NA
"CP22","CP","O/O","SA",1,"white","M",58,NA
"CP23","CP","O/o","SA",1,"yellow","F",62,NA
"CP24","CP","O/O","SA",2,"white","M",59,NA
"CP25","CP","O/o","SA",1,"white","M",50,NA
"DR_A18","DR","O/o","IT",NA,"yellow","F",56,NA
"DR_A201","DR","O/o","IT",NA,"white","F",60,NA
"DR_A202","DR","o/o","IT",NA,"orange","F",57,"o/o"
"DR_E69","DR","o/o","IT",NA,"orange","F",52,NA
"DR_E75","DR","o/o","IT",NA,"orange","M",65,NA
"DR_E77","DR","O/o","IT",NA,"white","F",56,NA
"DR_F13","DR","o/o","IT",NA,"white","F",61,NA
"DR_F68","DR","O/O","IT",NA,"white","F",59,NA
"DR_F70","DR","O/O","IT",NA,"white","F",61,NA
"DR_G14","DR","O/O","IT",NA,"white","F",60,"O/O"
"DR_G25","DR","O/o","IT",NA,"white","M",65,NA
"DR_G79","DR","o/o","IT",NA,"orange","M",55,NA
"DR_G8","DR","O/O","IT",NA,"white","M",65,NA
"DR_H117","DR","O/o","IT",NA,"yellow","M",65,"O/o"
"DR_H125","DR","O/O","IT",NA,"white","M",65,NA
"DR_H130","DR","o/o","IT",NA,"orange","M",60,NA
"DR_H69","DR","o/o","IT",NA,"orange","F",65,NA
"DR_H70","DR","O/o","IT",NA,"white","F",56,"O/o"
"DR_H71","DR","o/o","IT",NA,"orange","M",61,"o/o"
"DR_H82","DR","O/o","IT",NA,"white","F",61,NA
"DR_H99","DR","o/o","IT",NA,"orange","M",65,NA
"DR_K14","DR","O/o","IT",NA,"white","M",65,NA
"FG13","FG","O/O","IT",1,"white","F",57,NA
"FG14","FG","o/o","IT",1,"orange","F",59,NA
"FG15","FG","O/o","IT",1,"white","F",62,"O/o"
"FG17","FG","o/o","IT",1,"orange","F",57,NA
"FG18","FG","o/o","IT",1,"orange","F",56,"o/o"
"FG19","FG","o/o","IT",2,"orange","F",63,"o/o"
"FG21","FG","O/O","IT",4,"white","F",65,NA
"FG22","FG","O/o","IT",2,"white","M",61,NA
"FG23","FG","O/O","IT",3,"white","M",64,NA
"FG24","FG","O/o","IT",3,"yellow","M",60,NA
"FG25","FG","O/o","IT",3,"white","M",60,NA
"FG26","FG","O/O","IT",2,"white","M",61,"O/O"
"FG27","FG","O/O","IT",2,"white","M",66,NA
"FG28","FG","o/o","IT",1,"orange","M",52,NA
"FU_75","FU","O/O","IT",NA,"white","F",60,NA
"FU_94","FU","O/O","IT",NA,"white","M",72,NA
"FU_A1","FU","O/O","IT",NA,"white","F",64,NA
"FU_A206","FU","O/O","IT",NA,"white","M",67,NA
"FU_A29","FU","O/O","IT",NA,"white","F",59,NA
"FU_A50","FU","O/O","IT",NA,"white","M",73,"O/O"
"FU_B3","FU","O/O","IT",NA,"white","M",70,NA
"FU_C98","FU","O/O","IT",NA,"white","F",53,NA
"FU_E10","FU","O/O","IT",NA,"white","M",71,NA
"FU_E12","FU","O/O","IT",NA,"white","M",54,"O/O"
"FU_E17","FU","O/O","IT",NA,"white","M",64,NA
"FU_E22","FU","O/O","IT",NA,"white","M",67,NA
"FU_E35","FU","O/O","IT",NA,"white","F",64,NA
"FU_E70","FU","O/O","IT",NA,"white","F",62,NA
"FU_E75","FU","O/O","IT",NA,"white","M",58,NA
"FU_E9","FU","O/O","IT",NA,"white","M",50,NA
"FU_F82","FU","O/O","IT",NA,"white","M",67,NA
"FU02","FU","O/O","IT",9,"white","F",63,NA
"FU12","FU","O/O","IT",8,"white","F",65,NA
"FU13","FU","O/O","IT",8,"white","F",61,NA
"FU14","FU","O/O","IT",8,"white","F",61,"O/O"
"FU16","FU","O/O","IT",10,"white","M",70,NA
"FU18","FU","O/O","IT",10,"white","M",57,NA
"FU19","FU","O/O","IT",10,"white","M",74,NA
"FU20","FU","O/O","IT",9,"white","M",68,NA
"FU21","FU","O/O","IT",8,"white","F",55,"O/O"
"GC01","GC","O/O","IT",9,"white","F",58,NA
"GC02","GC","O/O","IT",8,"white","M",58,NA
"GC03","GC","O/O","IT",10,"white","M",65,NA
"GC04","GC","O/O","IT",7,"white","F",59,NA
"GC05","GC","O/O","IT",2,"white","F",62,NA
"GC06","GC","O/O","IT",10,"white","M",64,NA
"GC07","GC","O/O","IT",9,"white","F",58,NA
"GC09","GC","O/O","IT",8,"white","M",61,NA
"GC10","GC","O/O","IT",2,"white","F",59,NA
"GC11","GC","O/O","IT",8,"white","M",65,NA
"GC12","GC","O/O","IT",3,"white","M",62,NA
"GC13","GC","O/O","IT",5,"white","M",62,NA
"GC14","GC","O/O","IT",8,"white","M",64,NA
"GC15","GC","O/O","IT",8,"white","M",65,NA
"GC16","GC","O/O","IT",1,"white","F",64,NA
"GC17","GC","O/O","IT",4,"white","F",57,"O/O"
"GC19","GC","O/O","IT",4,"white","M",60,NA
"GC20","GC","O/O","IT",1,"white","F",60,"O/O"
"GC21","GC","O/O","IT",8,"white","F",63,"O/O"
"GC22","GC","O/O","IT",1,"white","F",60,NA
"GC23","GC","O/O","IT",8,"white","F",55,NA
"GC24","GC","O/O","IT",6,"white","F",58,NA
"GC25","GC","O/O","IT",2,"white","F",56,"O/O"
"GC26","GC","O/O","IT",3,"white","M",62,NA
"GO01","GO","O/O","SA",7,"white","M",61,NA
"GO02","GO","O/O","SA",2,"white","F",56,NA
"GO06","GO","O/O","SA",2,"white","F",56,NA
"GO08","GO","O/O","SA",4,"white","M",60,"O/O"
"GO10","GO","O/o","SA",3,"white","M",54,NA
"GO11","GO","O/O","SA",3,"white","M",63,NA
"GO12","GO","O/O","SA",6,"white","M",60,"O/O"
"GO13","GO","O/O","SA",2,"white","F",55,NA
"GO14","GO","O/O","SA",6,"white","M",60,NA
"GO15","GO","O/O","SA",7,"white","F",50,NA
"GO16","GO","O/O","SA",1,"white","F",56,NA
"GO17","GO","O/O","SA",6,"white","M",59,NA
"GO18","GO","O/O","SA",1,"white","F",52,NA
"GO19","GO","O/O","SA",1,"white","F",57,NA
"GO20","GO","O/O","SA",2,"white","M",60,NA
"GO21","GO","O/O","SA",4,"white","M",58,"O/O"
"GO23","GO","O/O","SA",9,"white","M",59,"O/O"
"GO29","GO","O/o","SA",3,"white","M",63,NA
"LC_A206","LC","O/O","IT",NA,"white","M",57,"O/O"
"LC_A64","LC","O/O","IT",NA,"white","M",74,"O/O"
"LC_A94","LC","O/O","IT",NA,"white","M",66,NA
"LC_E13","LC","O/O","IT",NA,"white","M",68,NA
"LC_E15","LC","O/O","IT",NA,"white","F",59,NA
"LC_E70","LC","O/o","IT",NA,"white","M",70,NA
"LC_F10","LC","O/O","IT",NA,"white","M",55,NA
"LC_G45","LC","O/O","IT",NA,"white","M",68,NA
"LC_H106","LC","O/O","IT",NA,"white","F",65,NA
"LC_H49","LC","O/O","IT",NA,"white","M",59,NA
"LC_K17","LC","O/O","IT",NA,"white","F",62,NA
"LC_K19","LC","O/O","IT",NA,"white","M",68,NA
"LC_K21","LC","O/O","IT",NA,"white","M",71,NA
"LC_K7","LC","O/O","IT",NA,"white","M",71,"O/O"
"LC01","LC","O/o","IT",9,"white","M",66,NA
"LC02","LC","O/O","IT",9,"white","M",67,NA
"LC03","LC","O/O","IT",8,"white","M",57,NA
"LC05","LC","O/O","IT",9,"white","F",60,NA
"LC06","LC","O/o","IT",9,"white","M",65,NA
"LC07","LC","O/O","IT",9,"white","M",72,NA
"LC08","LC","O/O","IT",9,"white","F",52,NA
"LC09","LC","O/O","IT",9,"white","M",66,NA
"LC10","LC","O/O","IT",10,"white","F",61,NA
"LC11","LC","O/O","IT",9,"white","F",51,NA
"LC12","LC","O/O","IT",9,"white","F",60,"O/O"
"LC14","LC","O/O","IT",9,"white","M",64,NA
"LC16","LC","O/O","IT",9,"white","F",63,NA
"LC17","LC","O/o","IT",10,"white","F",55,NA
"LE02","LE","O/O","SA",3,"white","F",57,NA
"LE03","LE","O/O","SA",3,"white","M",64,"O/O"
"LE05","LE","O/o","SA",3,"white","M",65,NA
"LE11","LE","O/O","SA",8,"white","F",60,NA
"LE12","LE","O/O","SA",9,"white","F",65,NA
"LE14","LE","O/O","SA",8,"white","F",62,NA
"LE15","LE","O/O","SA",8,"white","M",64,"O/O"
"LE17","LE","O/o","SA",1,"white","M",52,NA
"LE19","LE","O/O","SA",2,"white","F",60,NA
"LE23","LE","O/O","SA",8,"white","M",63,NA
"LE25","LE","O/O","SA",1,"white","F",59,"O/O"
"LE26","LE","O/O","SA",6,"white","M",62,"O/O"
"LE28","LE","O/O","SA",3,"white","M",65,NA
"LE29","LE","O/O","SA",2,"white","M",54,NA
"LE32","LE","O/O","SA",9,"white","M",58,NA
"LE33","LE","O/O","SA",4,"white","M",57,NA
"LE34","LE","O/O","SA",10,"white","M",67,NA
"LE35","LE","O/O","SA",10,"white","M",67,NA
"LE36","LE","O/O","SA",4,"white","M",59,NA
"LE37","LE","O/O","SA",9,"white","M",64,NA
"LE38","LE","O/O","SA",6,"white","F",61,NA
"LE39","LE","O/o","SA",9,"white","F",60,NA
"LE46","LE","O/O","SA",9,"white","F",62,NA
"LE47","LE","O/O","SA",9,"white","F",59,NA
"LO01","LO","O/o","SA",1,"white","F",56,NA
"LO02","LO","o/o","SA",1,"yellow","F",57,"o/o"
"LO03","LO","o/o","SA",1,"yellow","M",64,NA
"LO04","LO","O/o","SA",1,"yellow","F",54,"O/o"
"LO05","LO","o/o","SA",1,"orange","M",58,NA
"LO06","LO","o/o","SA",1,"orange","M",60,NA
"LO07","LO","O/o","SA",1,"white","F",60,NA
"LO08","LO","o/o","SA",1,"orange","F",62,"o/o"
"LO09","LO","O/O","SA",1,"yellow","F",57,"O/O"
"LO10","LO","o/o","SA",1,"white","F",53,NA
"LO11","LO","O/o","SA",1,"white","M",63,"O/o"
"LO12","LO","O/O","SA",1,"yellow","M",58,NA
"LS01","LS","O/o","IT",1,"white","M",62,"O/o"
"LS02","LS","o/o","IT",2,"orange","M",66,NA
"LS03","LS","O/O","IT",9,"white","M",62,"O/O"
"LS04","LS","O/O","IT",1,"yellow","M",68,NA
"LS05","LS","O/o","IT",2,"white","F",64,NA
"LS06","LS","O/O","IT",7,"white","M",70,NA
"LS07","LS","O/O","IT",1,"white","M",63,NA
"LS12","LS","O/o","IT",3,"white","F",65,"O/o"
"LS17","LS","O/o","IT",6,"white","F",63,NA
"LS18","LS","O/O","IT",5,"yellow","F",60,"O/O"
"LS19","LS","O/o","IT",1,"white","F",60,NA
"LS20","LS","O/o","IT",3,"yellow","F",66,NA
"LS21","LS","o/o","IT",2,"orange","M",66,NA
"LS23","LS","O/o","IT",1,"orange","F",65,NA
"ME01","ME","O/O","SA",4,"white","M",55,NA
"ME02","ME","O/O","SA",3,"white","F",55,NA
"ME03","ME","O/o","SA",3,"white","F",58,NA
"ME04","ME","O/O","SA",2,"white","F",63,NA
"ME05","ME","O/O","SA",4,"white","F",56,NA
"ME06","ME","O/O","SA",4,"white","F",59,NA
"ME07","ME","O/O","SA",2,"white","F",57,NA
"ME08","ME","O/O","SA",3,"white","F",59,NA
"ME10","ME","O/O","SA",9,"white","M",64,NA
"ME11","ME","O/O","SA",3,"white","F",62,"O/O"
"ME12","ME","O/O","SA",7,"yellow","M",67,"O/O"
"ME13","ME","O/O","SA",2,"white","M",69,NA
"ME14","ME","O/O","SA",1,"white","F",61,NA
"ME15","ME","O/O","SA",3,"white","M",64,NA
"ME16","ME","O/O","SA",2,"white","M",60,NA
"ME17","ME","O/O","SA",3,"yellow","M",62,NA
"ME18","ME","O/O","SA",2,"white","M",53,NA
"ME19","ME","O/O","SA",2,"white","M",51,NA
"ME20","ME","O/o","SA",7,"white","M",64,"O/o"
"ME21","ME","O/O","SA",4,"white","M",68,NA
"ME22","ME","O/O","SA",9,"white","M",62,"O/O"
"ME23","ME","O/O","SA",8,"white","M",60,NA
"ME24","ME","O/O","SA",4,"white","M",57,NA
"ME25","ME","O/o","SA",9,"white","M",64,NA
"MF01","MF","O/O","IT",3,"white","M",63,"O/O"
"MF02","MF","O/O","IT",2,"white","F",65,NA
"MF03","MF","O/O","IT",6,"white","M",65,NA
"MF04","MF","O/O","IT",3,"white","F",58,"O/O"
"MF05","MF","O/O","IT",6,"white","M",66,NA
"MF07","MF","O/O","IT",3,"white","M",63,"O/O"
"MF08","MF","O/O","IT",1,"white","F",58,NA
"MF10","MF","O/O","IT",8,"white","M",58,NA
"MF12","MF","O/O","IT",9,"white","M",66,"O/O"
"MF13","MF","O/O","IT",1,"white","F",62,NA
"MF14","MF","O/o","IT",2,"white","F",58,NA
"MF18","MF","O/O","IT",2,"white","F",60,NA
"MM01","MM","O/O","IT",3,"white","M",67,NA
"MM02","MM","O/O","IT",4,"white","F",61,NA
"MM03","MM","O/O","IT",5,"white","M",65,NA
"MM04","MM","O/O","IT",7,"white","M",63,"O/O"
"MM05","MM","O/O","IT",8,"white","F",58,NA
"MM06","MM","O/O","IT",8,"white","F",57,"O/O"
"MM07","MM","O/O","IT",2,"white","F",56,NA
"MM08","MM","O/O","IT",3,"white","F",62,"O/O"
"MM09","MM","O/O","IT",3,"white","F",64,"O/O"
"MM10","MM","O/O","IT",4,"white","M",61,NA
"MM11","MM","O/O","IT",2,"white","F",50,NA
"MM12","MM","O/O","IT",8,"white","F",63,NA
"MM15","MM","O/O","IT",2,"white","F",50,NA
"MM17","MM","O/O","IT",7,"white","M",64,NA
"MM19","MM","o/o","IT",10,"orange","M",61,NA
"MM20","MM","O/O","IT",7,"white","F",64,NA
"MM21","MM","O/O","IT",10,"white","M",60,NA
"MM22","MM","O/O","IT",8,"white","F",62,NA
"MM23","MM","O/O","IT",3,"white","F",58,NA
"MM24","MM","O/O","IT",8,"white","M",61,"O/O"
"NL01","NL","O/O","SA",1,"yellow","F",64,NA
"NL02","NL","O/o","SA",3,"white","M",67,"O/o"
"NL03","NL","O/O","SA",3,"white","M",60,NA
"NL04","NL","O/o","SA",2,"white","M",55,NA
"NL06","NL","o/o","SA",2,"orange","M",51,NA
"NL07","NL","O/o","SA",1,"white","F",62,NA
"NL09","NL","O/o","SA",1,"white","M",58,NA
"NL10","NL","o/o","SA",2,"orange","M",58,NA
"NL11","NL","o/o","SA",4,"orange","M",62,"o/o"
"NL13","NL","O/o","SA",6,"yellow","M",61,NA
"NL14","NL","o/o","SA",2,"orange","M",51,"o/o"
"NL15","NL","O/o","SA",1,"yellow","F",58,NA
"NL16","NL","O/o","SA",1,"white","F",60,NA
"NL17","NL","O/o","SA",1,"white","F",59,NA
"NL18","NL","O/O","SA",3,"white","M",59,"O/O"
"NL19","NL","o/o","SA",1,"white","F",63,NA
"NL20","NL","O/o","SA",3,"white","M",66,NA
"NL22","NL","O/o","SA",1,"white","F",56,NA
"NL24","NL","O/O","SA",2,"white","M",52,NA
"NL25","NL","o/o","SA",1,"orange_yellow","F",59,NA
"NL37","NL","o/o","SA",2,"orange","M",58,NA
"NL39","NL","o/o","SA",2,"orange_yellow","F",60,NA
"OV01","OV","O/o","IT",1,"yellow","M",52,NA
"OV02","OV","O/o","IT",1,"white","F",57,NA
"OV05","OV","O/o","IT",1,"white","F",50,NA
"OV06","OV","O/o","IT",3,"white","M",65,NA
"OV07","OV","O/o","IT",6,"white","M",65,"O/o"
"OV08","OV","O/O","IT",1,"white","M",68,"O/O"
"OV09","OV","O/O","IT",1,"white","F",57,NA
"OV10","OV","O/O","IT",2,"white","F",66,"O/O"
"OV11","OV","O/O","IT",2,"white","F",59,"O/O"
"OV12","OV","O/o","IT",2,"white","M",67,NA
"OV14","OV","O/O","IT",1,"white","F",58,NA
"PL_A52","PL","O/o","IT",NA,"white","M",65,"O/o"
"PL_A6","PL","O/O","IT",NA,"white","M",67,NA
"PL_A98","PL","O/o","IT",NA,"yellow","F",65,NA
"PL_E10","PL","O/o","IT",NA,"white","M",61,NA
"PL_E20","PL","o/o","IT",NA,"orange","F",59,"O/o"
"PL_E22","PL","O/o","IT",NA,"white","F",63,NA
"PL_F5","PL","O/O","IT",NA,"yellow","F",61,NA
"PL_G4","PL","o/o","IT",NA,"orange","F",63,NA
"PL_G5","PL","O/o","IT",NA,"white","F",65,NA
"PL_G73","PL","o/o","IT",NA,"orange_yellow","F",67,NA
"PL_H108","PL","O/o","IT",NA,"white","F",68,NA
"PL_H34","PL","O/O","IT",NA,"white","F",65,NA
"PL_H41","PL","O/o","IT",NA,"white","M",67,"O/o"
"PL_H57","PL","O/o","IT",NA,"white","F",57,NA
"PL_H67","PL","O/o","IT",NA,"white","M",62,"O/o"
"PL_H68","PL","o/o","IT",NA,"orange","M",55,NA
"PL_H72","PL","O/O","IT",NA,"white","F",63,NA
"PL_H96","PL","o/o","IT",NA,"orange","M",66,NA
"PL_K30","PL","o/o","IT",NA,"orange_yellow","F",60,NA
"PR01","PR","O/O","IT",9,"white","M",68,"O/O"
"PR02","PR","O/O","IT",8,"white","F",60,NA
"PR03","PR","O/O","IT",7,"white","M",59,NA
"PR04","PR","O/O","IT",6,"white","F",62,NA
"PR05","PR","O/O","IT",5,"white","F",58,NA
"PR06","PR","O/O","IT",8,"white","M",68,NA
"PR07","PR","O/O","IT",3,"white","F",58,NA
"PR08","PR","O/O","IT",8,"white","M",63,NA
"PR09","PR","O/O","IT",8,"white","F",59,NA
"PR10","PR","O/O","IT",8,"white","M",71,NA
"PR11","PR","O/O","IT",6,"white","M",69,NA
"PR12","PR","O/O","IT",6,"white","F",63,NA
"PR13","PR","O/O","IT",8,"white","F",59,NA
"PR14","PR","O/O","IT",8,"white","M",63,NA
"PR15","PR","O/O","IT",6,"white","F",61,NA
"PR16","PR","O/O","IT",1,"white","F",55,NA
"PR17","PR","O/O","IT",6,"white","F",61,NA
"PR18","PR","O/O","IT",6,"white","M",61,NA
"PR19","PR","O/O","IT",8,"white","F",50,NA
"PR20","PR","O/O","IT",8,"white","M",64,NA
"PR22","PR","O/O","IT",9,"white","F",58,NA
"PR24","PR","O/o","IT",3,"white","M",62,"O/o"
"PR25","PR","O/O","IT",9,"white","F",63,"O/O"
"PR26","PR","O/O","IT",5,"white","M",58,"O/O"
"PR27","PR","O/O","IT",1,"white","F",53,NA
"RA01","RA","O/O","SA",NA,"white","M",54,"O/O"
"RA03","RA","O/O","SA",7,"white","F",52,"O/O"
"RA06","RA","O/O","SA",9,"white","M",61,NA
"RA12","RA","O/O","SA",8,"white","M",62,NA
"RA13","RA","O/O","SA",8,"white","M",65,"O/O"
"RA21","RA","O/O","SA",9,"white","F",60,NA
"RA22","RA","O/O","SA",3,"white","M",56,NA
"RA26","RA","O/O","SA",10,"white","M",65,"O/O"
"RA27","RA","O/O","SA",3,"white","F",50,NA
"RA29","RA","O/O","SA",9,"white","M",65,NA
"RA30","RA","O/O","SA",8,"white","M",58,NA
"RA31","RA","O/O","SA",10,"white","M",64,NA
"RA32","RA","O/O","SA",9,"white","M",60,NA
"RA33","RA","O/o","SA",2,"white","F",53,NA
"RA34","RA","O/O","SA",9,"white","F",62,NA
"RA35","RA","O/O","SA",3,"white","F",52,NA
"RA36","RA","O/O","SA",7,"white","M",66,NA
"RA37","RA","O/O","SA",10,"white","M",65,"O/O"
"RA38","RA","O/O","SA",9,"white","M",59,NA
"RA39","RA","O/O","SA",10,"white","M",63,NA
"RA40","RA","O/O","SA",10,"white","M",67,NA
"RO02","RO","O/O","IT",8,"white","M",70,NA
"RO03","RO","O/O","IT",9,"white","F",53,NA
"RO04","RO","O/O","IT",9,"white","F",64,"O/O"
"RO05","RO","O/O","IT",9,"white","F",52,"O/O"
"RO06","RO","O/O","IT",8,"white","M",62,NA
"RO07","RO","O/O","IT",10,"white","F",58,NA
"RO09","RO","O/O","IT",10,"white","F",60,NA
"RO11","RO","O/O","IT",8,"white","F",58,NA
"RO12","RO","O/O","IT",10,"white","F",64,"O/O"
"RO16","RO","O/O","IT",10,"white","F",60,NA
"RO18","RO","O/O","IT",9,"white","F",55,NA
"RO19","RO","O/O","IT",10,"white","F",62,NA
"RO20","RO","O/O","IT",9,"white","F",63,"O/O"
"RT01","RT","O/O","SA",1,"white","F",61,NA
"RT02","RT","O/O","SA",8,"white","M",55,"O/O"
"RT03","RT","O/o","SA",7,"yellow","M",62,NA
"RT04","RT","O/O","SA",7,"white","M",61,"O/O"
"RT05","RT","O/O","SA",5,"white","M",66,"O/O"
"RT06","RT","O/O","SA",2,"white","F",59,NA
"RT07","RT","O/O","SA",8,"white","F",64,NA
"RT08","RT","O/O","SA",9,"yellow","F",64,NA
"RT09","RT","O/O","SA",9,"white","M",60,NA
"RT10","RT","O/o","SA",8,"white","M",66,NA
"RT11","RT","O/o","SA",2,"white","M",60,NA
"RT12","RT","O/O","SA",2,"white","F",63,NA
"RT14","RT","O/o","SA",6,"white","M",65,NA
"RT15","RT","O/O","SA",2,"white","M",60,NA
"RT16","RT","O/O","SA",3,"white","M",60,NA
"RT17","RT","O/O","SA",5,"white","F",60,NA
"RT18","RT","O/O","SA",3,"white","M",60,NA
"RT20","RT","O/O","SA",7,"white","M",65,"O/O"
"RT22","RT","O/o","SA",7,"white","F",62,NA
"RT23","RT","O/o","SA",8,"white","M",58,NA
"RT24","RT","O/O","SA",2,"white","M",62,NA
"RT25","RT","O/O","SA",4,"white","M",62,NA
"SD01","SD","O/O","SA",1,"white","F",56,NA
"SD02","SD","O/O","SA",4,"white","M",63,"O/O"
"SD03","SD","O/O","SA",1,"white","M",52,"O/O"
"SD04","SD","O/o","SA",2,"white","M",55,NA
"SD05","SD","O/O","SA",2,"white","F",57,NA
"SD06","SD","O/O","SA",2,"white","M",59,NA
"SD07","SD","O/o","SA",2,"white","M",50,NA
"SD08","SD","O/O","SA",1,"white","M",50,NA
"SD09","SD","O/O","SA",8,"white","M",67,NA
"SD10","SD","O/O","SA",6,"white","F",63,NA
"SD12","SD","O/o","SA",2,"white","M",60,NA
"SD13","SD","O/O","SA",1,"white","M",52,"O/O"
"SD14","SD","O/o","SA",2,"white","M",66,NA
"SD15","SD","O/O","SA",1,"white","F",58,NA
"SD16","SD","O/o","SA",1,"white","F",50,NA
"SD18","SD","O/o","SA",2,"yellow","M",63,NA
"SD19","SD","O/O","SA",1,"white","F",59,NA
"SD20","SD","O/o","SA",1,"white","F",57,NA
"SD21","SD","O/O","SA",1,"white","M",61,NA
"SD22","SD","O/O","SA",1,"white","M",58,NA
"SD23","SD","O/O","SA",1,"white","F",62,"O/O"
"SD24","SD","O/O","SA",6,"white","M",63,NA
"SD25","SD","O/o","SA",1,"white","F",60,NA
"SL01","SL","O/O","SA",1,"white","F",51,NA
"SL02","SL","O/O","SA",10,"white","M",64,NA
"SL03","SL","O/O","SA",8,"white","F",59,NA
"SL04","SL","O/O","SA",9,"white","M",65,NA
"SL05","SL","O/O","SA",7,"white","F",57,"O/O"
"SL06","SL","O/O","SA",10,"white","F",59,NA
"SL07","SL","O/O","SA",9,"white","M",67,"O/O"
"SL08","SL","O/O","SA",10,"white","F",66,NA
"SL09","SL","O/O","SA",10,"white","M",63,NA
"SL10","SL","O/O","SA",3,"white","F",56,"O/O"
"SL11","SL","O/O","SA",5,"white","F",59,NA
"SL12","SL","O/O","SA",10,"white","M",64,NA
"SL13","SL","O/O","SA",8,"white","F",60,NA
"SL14","SL","O/O","SA",10,"white","M",65,NA
"SL15","SL","O/O","SA",9,"white","M",64,NA
"SL16","SL","O/O","SA",8,"white","M",62,NA
"SL17","SL","O/O","SA",2,"white","F",52,"O/O"
"SL18","SL","O/O","SA",10,"white","F",62,NA
"SR01","SR","o/o","SA",1,"white","F",57,"o/o"
"SR02","SR","o/o","SA",1,"orange_yellow","M",60,"o/o"
"SR03","SR","O/o","SA",1,"yellow","M",52,NA
"SR05","SR","o/o","SA",1,"orange_yellow","M",51,NA
"SR06","SR","O/O","SA",1,"white","F",56,"O/O"
"SR07","SR","O/O","SA",2,"yellow","M",56,NA
"SR08","SR","o/o","SA",2,"orange","M",58,NA
"SR09","SR","o/o","SA",2,"orange","M",60,NA
"SR11","SR","O/o","SA",2,"white","M",63,NA
"SR13","SR","o/o","SA",2,"orange","M",56,NA
"SR14","SR","o/o","SA",1,"white","M",60,NA
"SR15","SR","o/o","SA",1,"white","M",63,"o/o"
"SR16","SR","o/o","SA",1,"white","F",55,NA
"SR17","SR","O/o","SA",1,"white","F",59,NA
"SR18","SR","O/o","SA",1,"white","F",54,NA
"SR19","SR","o/o","SA",4,"orange_yellow","M",63,NA
"SR20","SR","o/o","SA",2,"orange","M",61,NA
"SR21","SR","o/o","SA",1,"orange","F",60,NA
"SR22","SR","o/o","SA",1,"orange","F",55,NA
"ST02","ST","O/O","Hybrid",8,"white","M",55,NA
"ST03","ST","O/O","Hybrid",8,"white","F",63,NA
"ST04","ST","O/o","Hybrid",7,"white","F",63,NA
"ST05","ST","O/O","Hybrid",9,"white","F",54,NA
"ST06","ST","O/O","Hybrid",8,"white","M",59,NA
"ST07","ST","O/o","Hybrid",7,"white","F",58,"O/o"
"ST08","ST","O/O","Hybrid",9,"white","F",61,"O/O"
"ST09","ST","O/O","Hybrid",10,"white","M",58,NA
"ST11","ST","O/O","Hybrid",8,"white","M",60,NA
"ST12","ST","O/O","Hybrid",9,"white","F",55,NA
"ST13","ST","O/O","Hybrid",9,"white","F",52,NA
"ST14","ST","O/O","Hybrid",8,"white","M",58,NA
"ST15","ST","O/O","Hybrid",10,"white","F",58,NA
"ST17","ST","O/O","Hybrid",9,"white","F",63,NA
"ST18","ST","O/O","Hybrid",8,"white","M",66,NA
"ST19","ST","O/O","Hybrid",8,"white","F",65,NA
"ST20","ST","O/O","Hybrid",9,"white","F",68,NA
"ST21","ST","O/O","Hybrid",9,"white","M",64,NA
"ST22","ST","O/O","Hybrid",5,"white","F",51,"O/O"
"ST23","ST","O/O","Hybrid",9,"white","M",68,NA
"ST24","ST","O/O","Hybrid",8,"white","F",55,NA
"ST25","ST","O/O","Hybrid",8,"white","M",67,NA
"ST26","ST","O/O","Hybrid",10,"white","M",54,"O/O"
"TE01","TE","O/O","SA",6,"white","M",58,NA
"TE02","TE","O/O","SA",2,"white","F",62,NA
"TE03","TE","O/O","SA",2,"white","F",59,NA
"TE05","TE","O/O","SA",2,"white","M",60,NA
"TE06","TE","O/O","SA",2,"white","F",57,NA
"TE07","TE","O/O","SA",3,"white","F",59,NA
"TE08","TE","O/O","SA",7,"white","M",58,NA
"TE09","TE","O/O","SA",3,"white","M",62,NA
"TE10","TE","O/O","SA",2,"white","M",51,NA
"TE12","TE","O/O","SA",1,"white","F",52,NA
"TE13","TE","O/O","SA",4,"white","M",61,"O/O"
"TE14","TE","O/O","SA",5,"white","M",61,NA
"TE15","TE","O/o","SA",1,"white","F",61,"O/o"
"TE16","TE","O/O","SA",1,"white","F",58,NA
"TE17","TE","O/O","SA",6,"white","F",65,"O/O"
"TE18","TE","O/O","SA",8,"white","M",63,NA
"TE19","TE","O/O","SA",2,"white","M",65,NA
"TE20","TE","O/o","SA",4,"white","M",61,"O/o"
"TO02","TO","O/O","SA",6,"white","F",62,NA
"TO03","TO","O/o","SA",2,"white","F",57,NA
"TO04","TO","O/O","SA",3,"white","M",55,NA
"TO05","TO","O/O","SA",8,"white","F",58,NA
"TO06","TO","O/O","SA",1,"white","F",59,NA
"TO07","TO","O/O","SA",4,"white","F",62,NA
"TO08","TO","O/o","SA",6,"white","M",56,"O/o"
"TO09","TO","O/O","SA",2,"white","F",64,NA
"TO10","TO","O/O","SA",3,"white","F",57,"O/O"
"TO11","TO","O/O","SA",2,"white","M",61,NA
"TO12","TO","O/o","SA",3,"white","F",59,"O/o"
"TO13","TO","O/o","SA",1,"orange_yellow","F",59,NA
"TO14","TO","O/O","SA",2,"white","M",55,NA
"TO15","TO","O/o","SA",NA,"yellow","F",52,NA
"TO16","TO","O/O","SA",1,"white","F",56,NA
"TO17","TO","O/O","SA",9,"white","F",64,NA
"TO18","TO","O/O","SA",1,"white","M",60,NA
"TO19","TO","O/o","SA",3,"white","F",55,NA
"TO21","TO","O/O","SA",7,"white","M",68,NA
"TO22","TO","O/O","SA",2,"white","M",58,NA
"TO23","TO","O/O","SA",1,"white","F",57,"O/O"
"TO24","TO","O/o","SA",2,"white","F",64,NA
"TO25","TO","O/o","SA",4,"white","M",61,NA
"TR01","TR","O/O","IT",4,"white","F",60,NA
"TR02","TR","O/O","IT",6,"white","F",57,NA
"TR03","TR","O/O","IT",3,"white","F",61,NA
"TR04","TR","O/O","IT",8,"white","M",62,NA
"TR05","TR","O/O","IT",6,"white","M",61,NA
"TR06","TR","O/O","IT",7,"white","M",63,"O/O"
"TR07","TR","O/o","IT",10,"white","M",58,NA
"TR08","TR","O/O","IT",7,"white","M",63,NA
"TR09","TR","O/O","IT",3,"white","F",56,NA
"TR10","TR","O/O","IT",9,"white","M",57,NA
"TR11","TR","O/O","IT",10,"white","F",61,NA
"TR13","TR","O/O","IT",7,"white","M",60,NA
"TR14","TR","O/O","IT",3,"white","M",50,NA
"TR15","TR","O/O","IT",5,"white","F",56,"O/O"
"TR16","TR","O/O","IT",6,"white","M",51,NA
"TR18","TR","O/O","IT",8,"white","M",56,NA
"TR20","TR","O/O","IT",5,"white","M",60,"O/O"
"TR21","TR","O/o","IT",3,"white","F",54,NA
"TR22","TR","O/O","IT",8,"white","F",64,NA
"TR23","TR","O/O","IT",3,"white","M",65,NA
"TR24","TR","O/O","IT",5,"white","F",59,"O/O"
"TR25","TR","O/O","IT",8,"white","M",65,NA
"US01","US","O/O","SA",1,"orange_yellow","M",54,NA
"US02","US","O/O","SA",4,"white","M",57,NA
"US03","US","O/O","SA",8,"white","M",64,NA
"US06","US","O/O","SA",1,"white","F",50,NA
"US07","US","O/O","SA",6,"white","M",56,NA
"US08","US","O/O","SA",7,"white","M",55,"O/O"
"US11","US","O/O","SA",8,"white","M",58,NA
"US12","US","O/O","SA",9,"white","M",61,NA
"US13","US","O/o","SA",2,"white","M",53,NA
"US14","US","O/O","SA",2,"white","F",59,NA
"US15","US","O/o","SA",6,"white","F",58,"O/o"
"US16","US","O/O","SA",9,"white","M",55,NA
"US17","US","O/O","SA",7,"white","M",64,NA
"US18","US","O/O","SA",7,"white","M",63,"O/O"
"US19","US","O/o","SA",9,"white","F",56,NA
"US21","US","O/o","SA",4,"white","M",62,"O/o"
"US22","US","O/O","SA",8,"white","M",59,NA
"US23","US","O/O","SA",8,"white","F",61,NA
"US25","US","O/O","SA",1,"white","F",56,NA
"US28","US","O/o","SA",8,"white","F",65,NA
"VA01","VA","O/O","SA",3,"white","M",68,NA
"VA02","VA","O/o","SA",2,"white","F",61,NA
"VA03","VA","O/O","SA",4,"white","M",62,NA
"VA05","VA","O/O","SA",5,"white","M",61,NA
"VA06","VA","O/O","SA",7,"white","M",57,NA
"VA07","VA","O/O","SA",1,"white","F",56,NA
"VA08","VA","O/O","SA",7,"white","M",65,"O/O"
"VA09","VA","O/O","SA",3,"yellow","M",52,"O/O"
"VA10","VA","O/O","SA",6,"white","M",62,NA
"VA11","VA","O/O","SA",1,"white","M",64,NA
"VA12","VA","O/O","SA",3,"white","F",60,NA
"VA13","VA","O/O","SA",1,"white","F",55,NA
"VA14","VA","O/O","SA",2,"white","F",58,NA
"VA15","VA","O/O","SA",2,"white","M",54,NA
"VA16","VA","O/O","SA",2,"white","F",54,"O/O"
"VA17","VA","O/O","SA",8,"white","M",57,NA
"VA19","VA","O/O","SA",8,"white","M",58,"O/O"
"VA20","VA","O/O","SA",5,"white","F",64,NA
"VA21","VA","O/O","SA",3,"white","F",53,NA
"VA22","VA","O/o","SA",3,"white","M",60,NA
"VA23","VA","O/O","SA",5,"white","M",59,NA
"VA25","VA","O/O","SA",10,"white","F",58,NA
"VE01","VE","O/o","IT",8,"white","M",65,NA
"VE02","VE","O/O","IT",5,"white","F",57,NA
"VE03","VE","O/O","IT",7,"white","F",61,NA
"VE04","VE","O/O","IT",4,"white","M",58,"O/O"
"VE05","VE","O/O","IT",8,"white","M",60,NA
"VE06","VE","O/O","IT",10,"white","F",60,NA
"VE07","VE","O/O","IT",6,"white","F",54,NA
"VE08","VE","O/O","IT",8,"white","M",62,NA
"VE09","VE","O/O","IT",9,"white","M",56,NA
"VE10","VE","O/o","IT",5,"white","M",52,NA
"VE11","VE","O/O","IT",8,"white","M",63,NA
"VE12","VE","O/O","IT",7,"white","F",59,NA
"VE14","VE","O/O","IT",4,"white","F",55,"O/O"
"VE15","VE","O/O","IT",10,"white","M",58,NA
"VE16","VE","O/O","IT",6,"white","F",59,NA
"VE18","VE","O/O","IT",10,"white","F",59,NA
"VE19","VE","O/O","IT",8,"white","M",60,NA
"VE20","VE","O/O","IT",3,"white","F",52,"O/O"
"VE21","VE","O/O","IT",8,"white","F",61,"O/O"
"VE22","VE","O/O","IT",9,"white","M",64,NA
"VI02","VI","O/O","Hybrid",5,"white","F",50,NA
"VI03","VI","O/O","Hybrid",7,"white","F",58,NA
"VI04","VI","O/O","Hybrid",8,"white","F",68,"O/O"
"VI05","VI","O/O","Hybrid",10,"white","M",73,NA
"VI06","VI","O/O","Hybrid",10,"white","M",70,"O/O"
"VI07","VI","O/o","Hybrid",10,"white","M",71,NA
"VI09","VI","O/O","Hybrid",7,"white","F",65,NA
"VI10","VI","O/O","Hybrid",8,"white","F",56,"O/O"
"VI11","VI","O/o","Hybrid",10,"white","F",69,NA
"VI12","VI","O/o","Hybrid",7,"white","F",69,NA
"VI13","VI","O/O","Hybrid",10,"white","M",69,NA
"VI14","VI","O/O","Hybrid",8,"white","F",61,NA
"VI15","VI","O/O","Hybrid",8,"white","M",68,NA
"VI16","VI","O/O","Hybrid",10,"white","M",62,NA
"VI17","VI","O/O","Hybrid",5,"white","F",58,NA
"VI18","VI","O/o","Hybrid",3,"white","F",61,NA
"VI19","VI","O/O","Hybrid",4,"white","F",55,"O/O"
"VI20","VI","O/O","Hybrid",10,"white","F",70,NA
"VI21","VI","O/O","Hybrid",8,"white","F",71,NA
"VI22","VI","O/O","Hybrid",6,"white","F",54,NA
"VI23","VI","O/O","Hybrid",7,"white","F",67,"O/O"
"VI24","VI","O/O","Hybrid",9,"white","F",67,NA
"VI25","VI","O/O","Hybrid",10,"white","M",73,NA
