"ID","abbpop","Genotype","lineage","GreenResolved","morph","sex","svl","Yellow_TechRep"
"AS02","AS","Y/Y","IT",1,"white","F",57,NA
"AS03","AS","Y/Y","IT",1,"white","F",62,NA
"AS13","AS","Y/y","IT",1,"white","F",62,"Y/y"
"AS16","AS","y/y","IT",1,"orange","M",66,"y/y"
"AS17","AS","Y/Y","IT",1,"white","F",58,"Y/Y"
"AS18","AS","Y/Y","IT",1,"white","M",60,"Y/Y"
"AS19","AS","Y/y","IT",1,"orange","F",58,NA
"AS20","AS","Y/Y","IT",1,"white","M",62,NA
"AS21","AS","Y/Y","IT",1,"white","M",62,NA
"AS22","AS","Y/y","IT",1,"white","F",54,NA
"AS23","AS","Y/y","IT",2,"white","M",67,NA
"AS24","AS","Y/Y","IT",1,"orange","M",68,NA
"BF01","BF","Y/y","SA",1,"white","F",62,"Y/y"
"BF02","BF","y/y","SA",1,"yellow","M",63,"y/y"
"BF03","BF","Y/Y","SA",1,"orange","F",59,"Y/Y"
"BF04","BF","Y/y","SA",2,"white","M",62,NA
"BF05","BF","Y/y","SA",1,"orange","M",64,NA
"BF06","BF","Y/Y","SA",1,"white","F",61,NA
"BF07","BF","Y/y","SA",1,"white","M",61,"Y/y"
"BF09","BF","y/y","SA",2,"yellow","F",60,NA
"BF10","BF","Y/Y","SA",1,"white","M",66,NA
"BF12","BF","Y/Y","SA",1,"white","F",59,NA
"BF13","BF","y/y","SA",4,"yellow","M",66,NA
"BF14","BF","Y/y","SA",1,"white","M",59,NA
"BF15","BF","Y/y","SA",1,"white","F",61,NA
"BF17","BF","Y/Y","SA",2,"white","M",59,NA
"BF18","BF","Y/y","SA",2,"white","M",62,NA
"BF19","BF","Y/Y","SA",1,"white","F",60,NA
"BF20","BF","y/y","SA",2,"yellow","M",51,NA
"BF21","BF","Y/Y","SA",1,"white","F",57,NA
"BF22","BF","Y/y","SA",1,"white","F",50,NA
"BF23","BF","Y/y","SA",1,"white","F",65,NA
"BF24","BF","Y/Y","SA",1,"white","M",60,NA
"BF25","BF","y/y","SA",1,"yellow","M",62,NA
"BZ01","BZ","Y/Y","SA",8,"white","F",60,NA
"BZ02","BZ","Y/Y","SA",9,"white","F",59,NA
"BZ03","BZ","Y/Y","SA",4,"white","F",58,NA
"BZ04","BZ","Y/Y","SA",7,"white","M",60,NA
"BZ05","BZ","Y/Y","SA",2,"white","F",58,NA
"BZ06","BZ","Y/Y","SA",2,"white","F",58,NA
"BZ07","BZ","y/y","SA",4,"white","F",59,NA
"BZ08","BZ","Y/Y","SA",1,"white","M",51,NA
"BZ09","BZ","Y/Y","SA",8,"white","M",63,NA
"BZ10","BZ","Y/Y","SA",1,"white","F",52,NA
"BZ11","BZ","Y/Y","SA",2,"white","M",53,NA
"BZ12","BZ","Y/Y","SA",9,"white","M",66,NA
"BZ13","BZ","Y/Y","SA",1,"white","F",59,"Y/Y"
"BZ14","BZ","y/y","SA",9,"yellow","M",56,NA
"BZ15","BZ","Y/Y","SA",9,"white","M",59,"Y/Y"
"BZ16","BZ","Y/Y","SA",6,"white","M",57,"Y/Y"
"BZ17","BZ","Y/Y","SA",7,"white","F",62,NA
"BZ18","BZ","Y/Y","SA",5,"white","M",52,NA
"BZ20","BZ","Y/y","SA",4,"white","M",54,NA
"BZ21","BZ","Y/Y","SA",2,"white","M",52,NA
"BZ22","BZ","Y/Y","SA",7,"white","M",58,"Y/Y"
"BZ23","BZ","Y/Y","SA",4,"white","M",54,NA
"BZ24","BZ","Y/Y","SA",9,"white","M",60,NA
"CA01","CA","Y/Y","IT",1,"white","F",52,NA
"CA02","CA","Y/Y","IT",5,"white","F",54,NA
"CA04","CA","Y/Y","IT",8,"white","M",55,NA
"CA05","CA","Y/Y","IT",10,"white","M",63,"Y/Y"
"CA06","CA","Y/Y","IT",8,"white","M",63,NA
"CA07","CA","Y/Y","IT",8,"white","M",70,NA
"CA08","CA","Y/Y","IT",7,"white","F",62,NA
"CA09","CA","Y/Y","IT",9,"white","M",67,NA
"CA10","CA","Y/Y","IT",2,"white","F",51,NA
"CA11","CA","Y/Y","IT",9,"white","F",62,NA
"CA12","CA","Y/Y","IT",4,"white","F",50,NA
"CA13","CA","Y/Y","IT",7,"white","F",58,"Y/Y"
"CA14","CA","Y/Y","IT",9,"white","F",58,NA
"CA15","CA","Y/Y","IT",8,"white","M",56,NA
"CA16","CA","Y/Y","IT",9,"white","F",60,"Y/Y"
"CA18","CA","Y/Y","IT",7,"white","M",56,"Y/Y"
"CA19","CA","Y/Y","IT",9,"white","M",63,NA
"CA20","CA","Y/Y","IT",8,"white","M",60,NA
"CA21","CA","Y/Y","IT",9,"white","M",56,NA
"CA22","CA","Y/Y","IT",5,"white","F",53,NA
"CA23","CA","Y/Y","IT",8,"white","F",58,NA
"CA24","CA","Y/Y","IT",9,"white","F",64,NA
"CA25","CA","Y/Y","IT",5,"white","F",52,NA
"CHI02","CHI","Y/Y","SA",2,"white","F",51,NA
"CHI04","CHI","Y/Y","SA",6,"white","F",55,NA
"CHI05","CHI","Y/y","SA",3,"white","F",52,"Y/Y"
"CHI06","CHI","Y/Y","SA",2,"white","M",53,NA
"CHI07","CHI","Y/Y","SA",8,"white","F",62,"Y/Y"
"CHI08","CHI","Y/Y","SA",3,"white","M",56,"Y/Y"
"CHI10","CHI","Y/Y","SA",7,"white","M",57,NA
"CHI13","CHI","Y/Y","SA",8,"white","M",63,NA
"CHI14","CHI","Y/Y","SA",8,"white","M",55,NA
"CHI17","CHI","Y/Y","SA",9,"white","M",61,"Y/Y"
"CHI19","CHI","Y/Y","SA",9,"white","M",68,NA
"CHI21","CHI","Y/Y","SA",5,"white","F",56,NA
"CHI22","CHI","Y/Y","SA",9,"white","M",67,NA
"CP01","CP","y/y","SA",1,"yellow","F",62,NA
"CP02","CP","y/y","SA",1,"yellow","M",55,NA
"CP04","CP","Y/y","SA",1,"white","M",59,NA
"CP05","CP","Y/Y","SA",1,"white","M",64,"Y/Y"
"CP06","CP","Y/Y","SA",1,"white","M",57,"Y/Y"
"CP07","CP","y/y","SA",1,"yellow","M",60,"y/y"
"CP08","CP","y/y","SA",1,"yellow","M",57,"y/y"
"CP09","CP","y/y","SA",1,"white","M",53,NA
"CP10","CP","y/y","SA",1,"orange_yellow","F",59,NA
"CP11","CP","Y/y","SA",1,"white","M",63,NA
"CP12","CP","y/y","SA",1,"yellow","M",60,NA
"CP13","CP","Y/y","SA",1,"white","M",60,NA
"CP14","CP","y/y","SA",1,"yellow","F",55,NA
"CP15","CP","y/y","SA",1,"orange_yellow","M",61,NA
"CP16","CP","y/y","SA",1,"yellow","F",58,NA
"CP17","CP","y/y","SA",1,"yellow","F",60,NA
"CP18","CP","y/y","SA",1,"yellow","M",51,NA
"CP19","CP","y/y","SA",1,"yellow","M",53,NA
"CP22","CP","y/y","SA",1,"white","M",58,NA
"CP23","CP","y/y","SA",1,"yellow","F",62,NA
"CP24","CP","Y/y","SA",2,"white","M",59,NA
"CP25","CP","Y/y","SA",1,"white","M",50,NA
"DR_A18","DR","y/y","IT",NA,"yellow","F",56,NA
"DR_A201","DR","Y/y","IT",NA,"white","F",60,NA
"DR_A202","DR","Y/y","IT",NA,"orange","F",57,"Y/y"
"DR_E69","DR","Y/Y","IT",NA,"orange","F",52,NA
"DR_E75","DR","Y/Y","IT",NA,"orange","M",65,NA
"DR_E77","DR","Y/y","IT",NA,"white","F",56,NA
"DR_F13","DR","Y/Y","IT",NA,"white","F",61,NA
"DR_F68","DR","Y/Y","IT",NA,"white","F",59,NA
"DR_F70","DR","Y/y","IT",NA,"white","F",61,NA
"DR_G14","DR","Y/y","IT",NA,"white","F",60,"Y/y"
"DR_G25","DR","Y/Y","IT",NA,"white","M",65,NA
"DR_G79","DR","Y/y","IT",NA,"orange","M",55,NA
"DR_G8","DR","Y/y","IT",NA,"white","M",65,NA
"DR_H117","DR","y/y","IT",NA,"yellow","M",65,"y/y"
"DR_H125","DR","Y/Y","IT",NA,"white","M",65,NA
"DR_H130","DR","Y/Y","IT",NA,"orange","M",60,NA
"DR_H69","DR","Y/y","IT",NA,"orange","F",65,NA
"DR_H70","DR","Y/Y","IT",NA,"white","F",56,"Y/Y"
"DR_H71","DR","Y/y","IT",NA,"orange","M",61,"Y/y"
"DR_H82","DR","Y/y","IT",NA,"white","F",61,NA
"DR_H99","DR","Y/y","IT",NA,"orange","M",65,NA
"DR_K14","DR","Y/y","IT",NA,"white","M",65,NA
"FG13","FG","Y/Y","IT",1,"white","F",57,NA
"FG14","FG","Y/Y","IT",1,"orange","F",59,NA
"FG15","FG","Y/Y","IT",1,"white","F",62,"Y/Y"
"FG17","FG","Y/Y","IT",1,"orange","F",57,NA
"FG18","FG","Y/Y","IT",1,"orange","F",56,"Y/Y"
"FG19","FG","Y/y","IT",2,"orange","F",63,"Y/y"
"FG21","FG","Y/Y","IT",4,"white","F",65,NA
"FG22","FG","Y/Y","IT",2,"white","M",61,NA
"FG23","FG","Y/Y","IT",3,"white","M",64,NA
"FG25","FG","Y/Y","IT",3,"white","M",60,NA
"FG26","FG","Y/y","IT",2,"white","M",61,"Y/y"
"FG27","FG","Y/Y","IT",2,"white","M",66,NA
"FG28","FG","Y/Y","IT",1,"orange","M",52,NA
"FU_75","FU","Y/Y","IT",NA,"white","F",60,NA
"FU_94","FU","Y/Y","IT",NA,"white","M",72,NA
"FU_A206","FU","Y/Y","IT",NA,"white","M",67,NA
"FU_A29","FU","Y/Y","IT",NA,"white","F",59,NA
"FU_A50","FU","Y/Y","IT",NA,"white","M",73,"Y/Y"
"FU_B3","FU","Y/Y","IT",NA,"white","M",70,NA
"FU_C98","FU","Y/Y","IT",NA,"white","F",53,NA
"FU_E10","FU","Y/y","IT",NA,"white","M",71,NA
"FU_E12","FU","Y/Y","IT",NA,"white","M",54,"Y/Y"
"FU_E17","FU","Y/Y","IT",NA,"white","M",64,NA
"FU_E22","FU","Y/Y","IT",NA,"white","M",67,NA
"FU_E70","FU","Y/Y","IT",NA,"white","F",62,NA
"FU_E75","FU","Y/Y","IT",NA,"white","M",58,NA
"FU_E9","FU","Y/Y","IT",NA,"white","M",50,NA
"FU_F82","FU","Y/Y","IT",NA,"white","M",67,NA
"FU02","FU","Y/Y","IT",9,"white","F",63,NA
"FU12","FU","Y/Y","IT",8,"white","F",65,NA
"FU13","FU","Y/Y","IT",8,"white","F",61,NA
"FU14","FU","Y/Y","IT",8,"white","F",61,"Y/Y"
"FU16","FU","Y/Y","IT",10,"white","M",70,NA
"FU18","FU","Y/Y","IT",10,"white","M",57,NA
"FU19","FU","Y/Y","IT",10,"white","M",74,NA
"FU20","FU","Y/Y","IT",9,"white","M",68,NA
"FU21","FU","Y/Y","IT",8,"white","F",55,"Y/Y"
"GC01","GC","Y/Y","IT",9,"white","F",58,NA
"GC02","GC","Y/Y","IT",8,"white","M",58,NA
"GC03","GC","Y/Y","IT",10,"white","M",65,NA
"GC04","GC","Y/Y","IT",7,"white","F",59,NA
"GC05","GC","Y/Y","IT",2,"white","F",62,NA
"GC06","GC","Y/Y","IT",10,"white","M",64,NA
"GC07","GC","Y/Y","IT",9,"white","F",58,NA
"GC09","GC","Y/Y","IT",8,"white","M",61,NA
"GC10","GC","Y/Y","IT",2,"white","F",59,NA
"GC11","GC","Y/Y","IT",8,"white","M",65,NA
"GC12","GC","Y/Y","IT",3,"white","M",62,NA
"GC13","GC","Y/Y","IT",5,"white","M",62,NA
"GC14","GC","Y/Y","IT",8,"white","M",64,NA
"GC15","GC","Y/Y","IT",8,"white","M",65,NA
"GC16","GC","Y/Y","IT",1,"white","F",64,NA
"GC17","GC","Y/Y","IT",4,"white","F",57,"Y/Y"
"GC19","GC","Y/Y","IT",4,"white","M",60,NA
"GC20","GC","Y/Y","IT",1,"white","F",60,"Y/Y"
"GC21","GC","Y/Y","IT",8,"white","F",63,"Y/Y"
"GC22","GC","Y/Y","IT",1,"white","F",60,NA
"GC23","GC","Y/Y","IT",8,"white","F",55,NA
"GC24","GC","Y/Y","IT",6,"white","F",58,NA
"GC25","GC","Y/Y","IT",2,"white","F",56,"Y/Y"
"GC26","GC","Y/Y","IT",3,"white","M",62,NA
"GO01","GO","Y/Y","SA",7,"white","M",61,NA
"GO02","GO","Y/Y","SA",2,"white","F",56,NA
"GO08","GO","Y/Y","SA",4,"white","M",60,"Y/Y"
"GO10","GO","Y/Y","SA",3,"white","M",54,NA
"GO12","GO","Y/Y","SA",6,"white","M",60,"Y/Y"
"GO13","GO","Y/Y","SA",2,"white","F",55,NA
"GO14","GO","Y/Y","SA",6,"white","M",60,NA
"GO15","GO","Y/Y","SA",7,"white","F",50,NA
"GO17","GO","Y/Y","SA",6,"white","M",59,NA
"GO18","GO","Y/Y","SA",1,"white","F",52,NA
"GO19","GO","Y/Y","SA",1,"white","F",57,NA
"GO20","GO","Y/Y","SA",2,"white","M",60,NA
"GO21","GO","Y/Y","SA",4,"white","M",58,"Y/Y"
"GO23","GO","Y/Y","SA",9,"white","M",59,"Y/Y"
"GO29","GO","Y/Y","SA",3,"white","M",63,NA
"LC_A206","LC","Y/Y","IT",NA,"white","M",57,"Y/Y"
"LC_A64","LC","Y/Y","IT",NA,"white","M",74,"Y/Y"
"LC_A94","LC","Y/Y","IT",NA,"white","M",66,NA
"LC_E15","LC","Y/Y","IT",NA,"white","F",59,NA
"LC_E70","LC","Y/Y","IT",NA,"white","M",70,NA
"LC_F10","LC","Y/Y","IT",NA,"white","M",55,NA
"LC_G45","LC","Y/y","IT",NA,"white","M",68,NA
"LC_H49","LC","Y/Y","IT",NA,"white","M",59,NA
"LC_K17","LC","Y/Y","IT",NA,"white","F",62,NA
"LC_K19","LC","Y/Y","IT",NA,"white","M",68,NA
"LC_K21","LC","Y/Y","IT",NA,"white","M",71,NA
"LC_K7","LC","Y/Y","IT",NA,"white","M",71,"Y/Y"
"LC01","LC","Y/Y","IT",9,"white","M",66,NA
"LC02","LC","Y/Y","IT",9,"white","M",67,NA
"LC03","LC","Y/Y","IT",8,"white","M",57,NA
"LC05","LC","Y/y","IT",9,"white","F",60,NA
"LC06","LC","Y/Y","IT",9,"white","M",65,NA
"LC07","LC","Y/Y","IT",9,"white","M",72,NA
"LC08","LC","Y/Y","IT",9,"white","F",52,NA
"LC09","LC","Y/Y","IT",9,"white","M",66,NA
"LC10","LC","Y/Y","IT",10,"white","F",61,NA
"LC11","LC","Y/Y","IT",9,"white","F",51,NA
"LC12","LC","Y/Y","IT",9,"white","F",60,"Y/Y"
"LC14","LC","Y/Y","IT",9,"white","M",64,NA
"LC16","LC","Y/Y","IT",9,"white","F",63,NA
"LC17","LC","Y/Y","IT",10,"white","F",55,NA
"LE02","LE","Y/Y","SA",3,"white","F",57,NA
"LE03","LE","Y/Y","SA",3,"white","M",64,"Y/Y"
"LE05","LE","Y/Y","SA",3,"white","M",65,NA
"LE11","LE","Y/Y","SA",8,"white","F",60,NA
"LE12","LE","Y/Y","SA",9,"white","F",65,NA
"LE15","LE","Y/Y","SA",8,"white","M",64,"Y/Y"
"LE17","LE","Y/Y","SA",1,"white","M",52,NA
"LE19","LE","Y/Y","SA",2,"white","F",60,NA
"LE23","LE","Y/Y","SA",8,"white","M",63,NA
"LE25","LE","Y/Y","SA",1,"white","F",59,"Y/Y"
"LE26","LE","Y/Y","SA",6,"white","M",62,"Y/Y"
"LE28","LE","Y/Y","SA",3,"white","M",65,NA
"LE29","LE","Y/Y","SA",2,"white","M",54,NA
"LE32","LE","Y/Y","SA",9,"white","M",58,NA
"LE33","LE","Y/Y","SA",4,"white","M",57,NA
"LE34","LE","Y/Y","SA",10,"white","M",67,NA
"LE35","LE","Y/Y","SA",10,"white","M",67,NA
"LE36","LE","Y/Y","SA",4,"white","M",59,NA
"LE37","LE","Y/Y","SA",9,"white","M",64,NA
"LE38","LE","Y/Y","SA",6,"white","F",61,NA
"LE39","LE","Y/Y","SA",9,"white","F",60,NA
"LE46","LE","Y/Y","SA",9,"white","F",62,NA
"LO01","LO","Y/y","SA",1,"white","F",56,NA
"LO02","LO","y/y","SA",1,"yellow","F",57,"y/y"
"LO03","LO","y/y","SA",1,"yellow","M",64,NA
"LO04","LO","y/y","SA",1,"yellow","F",54,"y/y"
"LO05","LO","Y/Y","SA",1,"orange","M",58,NA
"LO06","LO","Y/Y","SA",1,"orange","M",60,NA
"LO07","LO","Y/y","SA",1,"white","F",60,NA
"LO08","LO","Y/y","SA",1,"orange","F",62,"Y/y"
"LO09","LO","y/y","SA",1,"yellow","F",57,NA
"LO10","LO","Y/y","SA",1,"white","F",53,NA
"LO11","LO","Y/y","SA",1,"white","M",63,"Y/y"
"LO12","LO","y/y","SA",1,"yellow","M",58,"y/y"
"LS01","LS","Y/Y","IT",1,"white","M",62,"Y/Y"
"LS02","LS","Y/Y","IT",2,"orange","M",66,NA
"LS03","LS","Y/y","IT",9,"white","M",62,"Y/y"
"LS04","LS","y/y","IT",1,"yellow","M",68,NA
"LS05","LS","Y/Y","IT",2,"white","F",64,NA
"LS06","LS","Y/Y","IT",7,"white","M",70,NA
"LS07","LS","Y/Y","IT",1,"white","M",63,NA
"LS12","LS","Y/Y","IT",3,"white","F",65,"Y/Y"
"LS17","LS","Y/Y","IT",6,"white","F",63,NA
"LS18","LS","y/y","IT",5,"yellow","F",60,"y/y"
"LS19","LS","Y/y","IT",1,"white","F",60,NA
"LS20","LS","y/y","IT",3,"yellow","F",66,NA
"LS21","LS","Y/Y","IT",2,"orange","M",66,NA
"LS23","LS","Y/Y","IT",1,"orange","F",65,NA
"ME01","ME","Y/Y","SA",4,"white","M",55,NA
"ME02","ME","Y/Y","SA",3,"white","F",55,NA
"ME03","ME","Y/y","SA",3,"white","F",58,NA
"ME04","ME","Y/Y","SA",2,"white","F",63,NA
"ME05","ME","Y/Y","SA",4,"white","F",56,NA
"ME06","ME","Y/Y","SA",4,"white","F",59,NA
"ME07","ME","Y/Y","SA",2,"white","F",57,NA
"ME08","ME","Y/Y","SA",3,"white","F",59,NA
"ME10","ME","Y/Y","SA",9,"white","M",64,NA
"ME11","ME","Y/Y","SA",3,"white","F",62,"Y/Y"
"ME12","ME","y/y","SA",7,"yellow","M",67,"y/y"
"ME13","ME","Y/y","SA",2,"white","M",69,NA
"ME14","ME","Y/y","SA",1,"white","F",61,NA
"ME15","ME","Y/Y","SA",3,"white","M",64,NA
"ME16","ME","Y/Y","SA",2,"white","M",60,NA
"ME17","ME","y/y","SA",3,"yellow","M",62,NA
"ME18","ME","Y/y","SA",2,"white","M",53,NA
"ME19","ME","Y/Y","SA",2,"white","M",51,NA
"ME20","ME","Y/Y","SA",7,"white","M",64,"Y/Y"
"ME21","ME","Y/Y","SA",4,"white","M",68,NA
"ME22","ME","Y/Y","SA",9,"white","M",62,"Y/Y"
"ME24","ME","Y/Y","SA",4,"white","M",57,NA
"ME25","ME","Y/Y","SA",9,"white","M",64,NA
"MF01","MF","Y/Y","IT",3,"white","M",63,"Y/Y"
"MF02","MF","Y/Y","IT",2,"white","F",65,NA
"MF03","MF","Y/y","IT",6,"white","M",65,NA
"MF04","MF","Y/Y","IT",3,"white","F",58,"Y/Y"
"MF05","MF","Y/Y","IT",6,"white","M",66,NA
"MF07","MF","Y/y","IT",3,"white","M",63,"Y/y"
"MF08","MF","Y/Y","IT",1,"white","F",58,NA
"MF10","MF","Y/Y","IT",8,"white","M",58,NA
"MF12","MF","Y/Y","IT",9,"white","M",66,"Y/Y"
"MF13","MF","Y/Y","IT",1,"white","F",62,NA
"MF14","MF","Y/Y","IT",2,"white","F",58,NA
"MF18","MF","Y/y","IT",2,"white","F",60,NA
"MM01","MM","Y/Y","IT",3,"white","M",67,NA
"MM02","MM","Y/Y","IT",4,"white","F",61,NA
"MM03","MM","Y/Y","IT",5,"white","M",65,NA
"MM04","MM","Y/Y","IT",7,"white","M",63,"Y/Y"
"MM05","MM","Y/Y","IT",8,"white","F",58,NA
"MM06","MM","Y/Y","IT",8,"white","F",57,"Y/Y"
"MM07","MM","Y/Y","IT",2,"white","F",56,NA
"MM08","MM","Y/Y","IT",3,"white","F",62,"Y/Y"
"MM09","MM","Y/Y","IT",3,"white","F",64,"Y/Y"
"MM10","MM","Y/Y","IT",4,"white","M",61,NA
"MM11","MM","Y/Y","IT",2,"white","F",50,NA
"MM12","MM","Y/Y","IT",8,"white","F",63,NA
"MM15","MM","Y/Y","IT",2,"white","F",50,NA
"MM17","MM","Y/Y","IT",7,"white","M",64,NA
"MM19","MM","Y/Y","IT",10,"orange","M",61,NA
"MM20","MM","Y/Y","IT",7,"white","F",64,NA
"MM21","MM","Y/Y","IT",10,"white","M",60,NA
"MM22","MM","Y/Y","IT",8,"white","F",62,NA
"MM23","MM","Y/Y","IT",3,"white","F",58,NA
"MM24","MM","Y/Y","IT",8,"white","M",61,"Y/Y"
"NL01","NL","Y/y","SA",1,"yellow","F",64,NA
"NL02","NL","Y/Y","SA",3,"white","M",67,"Y/Y"
"NL04","NL","Y/Y","SA",2,"white","M",55,NA
"NL06","NL","Y/y","SA",2,"orange","M",51,NA
"NL09","NL","Y/y","SA",1,"white","M",58,NA
"NL10","NL","y/y","SA",2,"orange","M",58,NA
"NL11","NL","Y/y","SA",4,"orange","M",62,"Y/y"
"NL13","NL","y/y","SA",6,"yellow","M",61,NA
"NL14","NL","Y/Y","SA",2,"orange","M",51,"Y/Y"
"NL15","NL","y/y","SA",1,"yellow","F",58,NA
"NL16","NL","Y/Y","SA",1,"white","F",60,NA
"NL17","NL","Y/Y","SA",1,"white","F",59,NA
"NL18","NL","Y/Y","SA",3,"white","M",59,"y/y"
"NL19","NL","Y/Y","SA",1,"white","F",63,NA
"NL20","NL","Y/y","SA",3,"white","M",66,NA
"NL22","NL","Y/Y","SA",1,"white","F",56,NA
"NL24","NL","y/y","SA",2,"white","M",52,NA
"OV01","OV","y/y","IT",1,"yellow","M",52,NA
"OV06","OV","Y/Y","IT",3,"white","M",65,NA
"OV07","OV","Y/y","IT",6,"white","M",65,"Y/y"
"OV08","OV","Y/Y","IT",1,"white","M",68,"Y/y"
"OV10","OV","Y/Y","IT",2,"white","F",66,"Y/Y"
"OV11","OV","Y/Y","IT",2,"white","F",59,"Y/Y"
"PL_A52","PL","Y/Y","IT",NA,"white","M",65,"Y/Y"
"PL_A6","PL","Y/Y","IT",NA,"white","M",67,NA
"PL_A98","PL","y/y","IT",NA,"yellow","F",65,NA
"PL_E10","PL","Y/y","IT",NA,"white","M",61,NA
"PL_E20","PL","Y/Y","IT",NA,"orange","F",59,"Y/Y"
"PL_E22","PL","Y/y","IT",NA,"white","F",63,NA
"PL_F5","PL","y/y","IT",NA,"yellow","F",61,NA
"PL_G4","PL","Y/y","IT",NA,"orange","F",63,NA
"PL_G5","PL","Y/Y","IT",NA,"white","F",65,NA
"PL_G73","PL","y/y","IT",NA,"orange_yellow","F",67,NA
"PL_H108","PL","Y/Y","IT",NA,"white","F",68,NA
"PL_H34","PL","Y/Y","IT",NA,"white","F",65,NA
"PL_H41","PL","Y/y","IT",NA,"white","M",67,"Y/y"
"PL_H57","PL","Y/Y","IT",NA,"white","F",57,NA
"PL_H67","PL","Y/y","IT",NA,"white","M",62,"Y/y"
"PL_H68","PL","Y/y","IT",NA,"orange","M",55,NA
"PL_H72","PL","Y/y","IT",NA,"white","F",63,NA
"PL_H96","PL","Y/Y","IT",NA,"orange","M",66,NA
"PL_K30","PL","y/y","IT",NA,"orange_yellow","F",60,NA
"PR01","PR","Y/Y","IT",9,"white","M",68,"Y/Y"
"PR02","PR","Y/Y","IT",8,"white","F",60,NA
"PR04","PR","Y/Y","IT",6,"white","F",62,NA
"PR05","PR","Y/Y","IT",5,"white","F",58,NA
"PR06","PR","Y/Y","IT",8,"white","M",68,NA
"PR08","PR","Y/Y","IT",8,"white","M",63,NA
"PR09","PR","Y/Y","IT",8,"white","F",59,NA
"PR10","PR","Y/Y","IT",8,"white","M",71,NA
"PR11","PR","Y/Y","IT",6,"white","M",69,NA
"PR12","PR","Y/Y","IT",6,"white","F",63,NA
"PR13","PR","Y/Y","IT",8,"white","F",59,NA
"PR14","PR","Y/Y","IT",8,"white","M",63,NA
"PR15","PR","Y/Y","IT",6,"white","F",61,NA
"PR16","PR","Y/Y","IT",1,"white","F",55,NA
"PR17","PR","Y/Y","IT",6,"white","F",61,NA
"PR18","PR","Y/Y","IT",6,"white","M",61,NA
"PR19","PR","Y/Y","IT",8,"white","F",50,NA
"PR20","PR","Y/Y","IT",8,"white","M",64,NA
"PR22","PR","Y/Y","IT",9,"white","F",58,NA
"PR24","PR","Y/Y","IT",3,"white","M",62,"Y/Y"
"PR25","PR","Y/Y","IT",9,"white","F",63,"Y/Y"
"PR26","PR","Y/Y","IT",5,"white","M",58,"Y/y"
"PR27","PR","Y/Y","IT",1,"white","F",53,NA
"RA01","RA","Y/Y","SA",NA,"white","M",54,"Y/Y"
"RA03","RA","Y/Y","SA",7,"white","F",52,"Y/Y"
"RA06","RA","Y/Y","SA",9,"white","M",61,NA
"RA12","RA","Y/Y","SA",8,"white","M",62,NA
"RA13","RA","Y/Y","SA",8,"white","M",65,"Y/Y"
"RA21","RA","Y/Y","SA",9,"white","F",60,NA
"RA22","RA","Y/Y","SA",3,"white","M",56,NA
"RA26","RA","Y/Y","SA",10,"white","M",65,"Y/Y"
"RA27","RA","Y/Y","SA",3,"white","F",50,NA
"RA29","RA","Y/Y","SA",9,"white","M",65,NA
"RA30","RA","Y/Y","SA",8,"white","M",58,NA
"RA31","RA","Y/Y","SA",10,"white","M",64,NA
"RA32","RA","Y/Y","SA",9,"white","M",60,NA
"RA33","RA","Y/y","SA",2,"white","F",53,NA
"RA34","RA","Y/Y","SA",9,"white","F",62,NA
"RA35","RA","Y/Y","SA",3,"white","F",52,NA
"RA36","RA","Y/Y","SA",7,"white","M",66,NA
"RA37","RA","Y/Y","SA",10,"white","M",65,"Y/Y"
"RA38","RA","Y/Y","SA",9,"white","M",59,NA
"RA39","RA","Y/Y","SA",10,"white","M",63,NA
"RA40","RA","Y/Y","SA",10,"white","M",67,NA
"RO02","RO","Y/Y","IT",8,"white","M",70,NA
"RO03","RO","Y/Y","IT",9,"white","F",53,NA
"RO04","RO","Y/Y","IT",9,"white","F",64,"Y/Y"
"RO05","RO","Y/Y","IT",9,"white","F",52,"Y/Y"
"RO06","RO","Y/Y","IT",8,"white","M",62,NA
"RO07","RO","Y/Y","IT",10,"white","F",58,NA
"RO09","RO","Y/Y","IT",10,"white","F",60,NA
"RO11","RO","Y/Y","IT",8,"white","F",58,NA
"RO12","RO","Y/Y","IT",10,"white","F",64,"Y/Y"
"RO16","RO","Y/Y","IT",10,"white","F",60,NA
"RO18","RO","Y/Y","IT",9,"white","F",55,NA
"RO19","RO","Y/Y","IT",10,"white","F",62,NA
"RO20","RO","Y/Y","IT",9,"white","F",63,"Y/Y"
"RT01","RT","Y/Y","SA",1,"white","F",61,NA
"RT02","RT","y/y","SA",8,"white","M",55,"Y/y"
"RT03","RT","y/y","SA",7,"yellow","M",62,NA
"RT04","RT","Y/Y","SA",7,"white","M",61,"Y/Y"
"RT05","RT","Y/Y","SA",5,"white","M",66,"Y/Y"
"RT06","RT","Y/Y","SA",2,"white","F",59,NA
"RT07","RT","Y/Y","SA",8,"white","F",64,NA
"RT08","RT","y/y","SA",9,"yellow","F",64,NA
"RT09","RT","Y/Y","SA",9,"white","M",60,NA
"RT11","RT","Y/y","SA",2,"white","M",60,NA
"RT14","RT","Y/Y","SA",6,"white","M",65,NA
"RT15","RT","Y/Y","SA",2,"white","M",60,NA
"RT16","RT","Y/Y","SA",3,"white","M",60,NA
"RT18","RT","Y/Y","SA",3,"white","M",60,NA
"RT20","RT","Y/y","SA",7,"white","M",65,"Y/y"
"RT22","RT","Y/Y","SA",7,"white","F",62,NA
"RT23","RT","Y/Y","SA",8,"white","M",58,NA
"RT24","RT","Y/Y","SA",2,"white","M",62,NA
"SD01","SD","Y/y","SA",1,"white","F",56,NA
"SD02","SD","Y/Y","SA",4,"white","M",63,"Y/Y"
"SD03","SD","Y/Y","SA",1,"white","M",52,"Y/Y"
"SD04","SD","Y/Y","SA",2,"white","M",55,NA
"SD05","SD","Y/Y","SA",2,"white","F",57,NA
"SD07","SD","Y/Y","SA",2,"white","M",50,NA
"SD08","SD","Y/Y","SA",1,"white","M",50,NA
"SD09","SD","y/y","SA",8,"white","M",67,NA
"SD10","SD","Y/y","SA",6,"white","F",63,NA
"SD12","SD","Y/Y","SA",2,"white","M",60,NA
"SD13","SD","Y/Y","SA",1,"white","M",52,"Y/Y"
"SD14","SD","Y/Y","SA",2,"white","M",66,NA
"SD15","SD","Y/Y","SA",1,"white","F",58,NA
"SD16","SD","Y/Y","SA",1,"white","F",50,NA
"SD19","SD","Y/Y","SA",1,"white","F",59,NA
"SD20","SD","y/y","SA",1,"white","F",57,NA
"SD21","SD","y/y","SA",1,"white","M",61,NA
"SD22","SD","Y/Y","SA",1,"white","M",58,NA
"SD23","SD","Y/Y","SA",1,"white","F",62,"Y/y"
"SD24","SD","Y/Y","SA",6,"white","M",63,NA
"SD25","SD","Y/y","SA",1,"white","F",60,NA
"SL01","SL","Y/Y","SA",1,"white","F",51,NA
"SL02","SL","Y/Y","SA",10,"white","M",64,NA
"SL03","SL","Y/Y","SA",8,"white","F",59,NA
"SL04","SL","Y/y","SA",9,"white","M",65,NA
"SL05","SL","Y/y","SA",7,"white","F",57,"Y/Y"
"SL06","SL","Y/y","SA",10,"white","F",59,NA
"SL07","SL","Y/Y","SA",9,"white","M",67,"Y/Y"
"SL08","SL","Y/Y","SA",10,"white","F",66,NA
"SL09","SL","Y/Y","SA",10,"white","M",63,NA
"SL10","SL","Y/Y","SA",3,"white","F",56,"Y/Y"
"SL11","SL","Y/Y","SA",5,"white","F",59,NA
"SL13","SL","Y/y","SA",8,"white","F",60,NA
"SL14","SL","Y/Y","SA",10,"white","M",65,NA
"SL15","SL","Y/Y","SA",9,"white","M",64,NA
"SL16","SL","Y/Y","SA",8,"white","M",62,NA
"SL17","SL","Y/Y","SA",2,"white","F",52,"Y/Y"
"SR01","SR","Y/Y","SA",1,"white","F",57,"Y/y"
"SR02","SR","y/y","SA",1,"orange_yellow","M",60,"y/y"
"SR03","SR","y/y","SA",1,"yellow","M",52,NA
"SR05","SR","y/y","SA",1,"orange_yellow","M",51,NA
"SR06","SR","y/y","SA",1,"white","F",56,"y/y"
"SR07","SR","y/y","SA",2,"yellow","M",56,NA
"SR08","SR","Y/Y","SA",2,"orange","M",58,NA
"SR09","SR","Y/Y","SA",2,"orange","M",60,NA
"SR13","SR","Y/Y","SA",2,"orange","M",56,NA
"SR14","SR","Y/Y","SA",1,"white","M",60,NA
"SR15","SR","Y/y","SA",1,"white","M",63,"Y/y"
"SR16","SR","Y/Y","SA",1,"white","F",55,NA
"SR17","SR","Y/y","SA",1,"white","F",59,NA
"SR18","SR","Y/y","SA",1,"white","F",54,NA
"SR19","SR","y/y","SA",4,"orange_yellow","M",63,NA
"SR20","SR","Y/y","SA",2,"orange","M",61,NA
"SR22","SR","Y/y","SA",1,"orange","F",55,NA
"ST02","ST","Y/Y","Hybrid",8,"white","M",55,NA
"ST03","ST","Y/Y","Hybrid",8,"white","F",63,NA
"ST04","ST","Y/Y","Hybrid",7,"white","F",63,NA
"ST05","ST","Y/Y","Hybrid",9,"white","F",54,NA
"ST06","ST","Y/Y","Hybrid",8,"white","M",59,NA
"ST07","ST","Y/Y","Hybrid",7,"white","F",58,"Y/Y"
"ST08","ST","Y/Y","Hybrid",9,"white","F",61,"Y/Y"
"ST09","ST","Y/Y","Hybrid",10,"white","M",58,NA
"ST11","ST","Y/Y","Hybrid",8,"white","M",60,NA
"ST12","ST","Y/Y","Hybrid",9,"white","F",55,NA
"ST13","ST","Y/Y","Hybrid",9,"white","F",52,NA
"ST14","ST","Y/Y","Hybrid",8,"white","M",58,NA
"ST15","ST","Y/Y","Hybrid",10,"white","F",58,NA
"ST17","ST","Y/Y","Hybrid",9,"white","F",63,NA
"ST18","ST","Y/Y","Hybrid",8,"white","M",66,NA
"ST19","ST","Y/Y","Hybrid",8,"white","F",65,NA
"ST20","ST","Y/Y","Hybrid",9,"white","F",68,NA
"ST22","ST","Y/Y","Hybrid",5,"white","F",51,"Y/Y"
"ST24","ST","Y/Y","Hybrid",8,"white","F",55,NA
"ST25","ST","Y/Y","Hybrid",8,"white","M",67,NA
"ST26","ST","Y/Y","Hybrid",10,"white","M",54,"Y/Y"
"TE01","TE","Y/Y","SA",6,"white","M",58,NA
"TE02","TE","Y/Y","SA",2,"white","F",62,NA
"TE03","TE","Y/y","SA",2,"white","F",59,NA
"TE05","TE","Y/Y","SA",2,"white","M",60,NA
"TE06","TE","Y/Y","SA",2,"white","F",57,NA
"TE07","TE","Y/y","SA",3,"white","F",59,NA
"TE08","TE","y/y","SA",7,"white","M",58,NA
"TE09","TE","Y/Y","SA",3,"white","M",62,NA
"TE10","TE","Y/Y","SA",2,"white","M",51,NA
"TE12","TE","Y/Y","SA",1,"white","F",52,NA
"TE13","TE","Y/Y","SA",4,"white","M",61,"Y/Y"
"TE14","TE","Y/Y","SA",5,"white","M",61,NA
"TE15","TE","Y/Y","SA",1,"white","F",61,"Y/Y"
"TE17","TE","Y/Y","SA",6,"white","F",65,"Y/Y"
"TE18","TE","Y/Y","SA",8,"white","M",63,NA
"TE19","TE","Y/Y","SA",2,"white","M",65,NA
"TE20","TE","Y/Y","SA",4,"white","M",61,"Y/Y"
"TO03","TO","Y/Y","SA",2,"white","F",57,NA
"TO04","TO","Y/y","SA",3,"white","M",55,NA
"TO05","TO","Y/Y","SA",8,"white","F",58,NA
"TO06","TO","Y/Y","SA",1,"white","F",59,NA
"TO07","TO","Y/Y","SA",4,"white","F",62,NA
"TO08","TO","y/y","SA",6,"white","M",56,"y/y"
"TO09","TO","Y/Y","SA",2,"white","F",64,NA
"TO10","TO","Y/Y","SA",3,"white","F",57,"Y/Y"
"TO11","TO","Y/Y","SA",2,"white","M",61,NA
"TO12","TO","y/y","SA",3,"white","F",59,"y/y"
"TO13","TO","y/y","SA",1,"orange_yellow","F",59,NA
"TO14","TO","Y/y","SA",2,"white","M",55,NA
"TO15","TO","y/y","SA",NA,"yellow","F",52,NA
"TO16","TO","Y/Y","SA",1,"white","F",56,NA
"TO17","TO","Y/Y","SA",9,"white","F",64,NA
"TO18","TO","Y/Y","SA",1,"white","M",60,NA
"TO19","TO","Y/Y","SA",3,"white","F",55,NA
"TO21","TO","Y/Y","SA",7,"white","M",68,NA
"TO22","TO","Y/Y","SA",2,"white","M",58,NA
"TO23","TO","Y/Y","SA",1,"white","F",57,"Y/Y"
"TO24","TO","Y/y","SA",2,"white","F",64,NA
"TO25","TO","Y/y","SA",4,"white","M",61,NA
"TR01","TR","Y/Y","IT",4,"white","F",60,NA
"TR02","TR","Y/Y","IT",6,"white","F",57,NA
"TR03","TR","Y/Y","IT",3,"white","F",61,NA
"TR04","TR","Y/y","IT",8,"white","M",62,NA
"TR05","TR","Y/Y","IT",6,"white","M",61,NA
"TR06","TR","Y/Y","IT",7,"white","M",63,"Y/Y"
"TR07","TR","Y/Y","IT",10,"white","M",58,NA
"TR10","TR","Y/Y","IT",9,"white","M",57,NA
"TR13","TR","Y/Y","IT",7,"white","M",60,NA
"TR14","TR","Y/Y","IT",3,"white","M",50,NA
"TR15","TR","Y/Y","IT",5,"white","F",56,"Y/Y"
"TR16","TR","Y/Y","IT",6,"white","M",51,NA
"TR18","TR","Y/Y","IT",8,"white","M",56,NA
"TR20","TR","Y/Y","IT",5,"white","M",60,"Y/Y"
"TR21","TR","Y/Y","IT",3,"white","F",54,NA
"TR22","TR","Y/Y","IT",8,"white","F",64,NA
"TR23","TR","Y/Y","IT",3,"white","M",65,NA
"TR24","TR","Y/Y","IT",5,"white","F",59,"Y/Y"
"TR25","TR","Y/Y","IT",8,"white","M",65,NA
"US01","US","y/y","SA",1,"orange_yellow","M",54,NA
"US02","US","Y/Y","SA",4,"white","M",57,NA
"US03","US","Y/Y","SA",8,"white","M",64,NA
"US06","US","Y/Y","SA",1,"white","F",50,NA
"US07","US","Y/Y","SA",6,"white","M",56,NA
"US08","US","Y/Y","SA",7,"white","M",55,"Y/Y"
"US11","US","Y/Y","SA",8,"white","M",58,NA
"US12","US","Y/Y","SA",9,"white","M",61,NA
"US13","US","Y/Y","SA",2,"white","M",53,NA
"US14","US","Y/Y","SA",2,"white","F",59,NA
"US15","US","Y/Y","SA",6,"white","F",58,"Y/Y"
"US16","US","Y/Y","SA",9,"white","M",55,NA
"US17","US","Y/Y","SA",7,"white","M",64,NA
"US18","US","Y/Y","SA",7,"white","M",63,"Y/Y"
"US19","US","y/y","SA",9,"white","F",56,NA
"US21","US","Y/Y","SA",4,"white","M",62,"Y/Y"
"US23","US","Y/Y","SA",8,"white","F",61,NA
"US25","US","Y/Y","SA",1,"white","F",56,NA
"US28","US","Y/Y","SA",8,"white","F",65,NA
"VA01","VA","y/y","SA",3,"white","M",68,NA
"VA02","VA","Y/Y","SA",2,"white","F",61,NA
"VA03","VA","Y/y","SA",4,"white","M",62,NA
"VA05","VA","Y/Y","SA",5,"white","M",61,NA
"VA06","VA","Y/Y","SA",7,"white","M",57,NA
"VA08","VA","Y/Y","SA",7,"white","M",65,"Y/Y"
"VA09","VA","y/y","SA",3,"yellow","M",52,"y/y"
"VA10","VA","Y/Y","SA",6,"white","M",62,NA
"VA11","VA","Y/Y","SA",1,"white","M",64,NA
"VA12","VA","Y/Y","SA",3,"white","F",60,NA
"VA13","VA","Y/Y","SA",1,"white","F",55,NA
"VA14","VA","Y/Y","SA",2,"white","F",58,NA
"VA15","VA","Y/Y","SA",2,"white","M",54,NA
"VA16","VA","Y/Y","SA",2,"white","F",54,"Y/Y"
"VA17","VA","Y/Y","SA",8,"white","M",57,NA
"VA19","VA","Y/Y","SA",8,"white","M",58,"Y/Y"
"VA20","VA","Y/Y","SA",5,"white","F",64,NA
"VA21","VA","Y/Y","SA",3,"white","F",53,NA
"VA22","VA","Y/Y","SA",3,"white","M",60,NA
"VA23","VA","Y/y","SA",5,"white","M",59,NA
"VA25","VA","Y/Y","SA",10,"white","F",58,NA
"VA28","VA","y/y","SA",7,"white","M",60,NA
"VA29","VA","Y/Y","SA",9,"white","M",60,NA
"VA31","VA","Y/Y","SA",9,"white","M",63,NA
"VA32","VA","y/y","SA",2,"yellow","M",58,NA
"VA33","VA","Y/Y","SA",4,"white","M",63,NA
"VA35","VA","Y/y","SA",3,"white","F",61,NA
"VA36","VA","Y/Y","SA",1,"white","F",57,NA
"VA37","VA","Y/Y","SA",1,"white","F",55,NA
"VA40","VA","Y/y","SA",1,"white","F",61,NA
"VE01","VE","Y/Y","IT",8,"white","M",65,NA
"VE02","VE","Y/Y","IT",5,"white","F",57,NA
"VE03","VE","Y/Y","IT",7,"white","F",61,NA
"VE04","VE","Y/Y","IT",4,"white","M",58,"Y/Y"
"VE05","VE","Y/Y","IT",8,"white","M",60,NA
"VE06","VE","Y/Y","IT",10,"white","F",60,NA
"VE07","VE","Y/Y","IT",6,"white","F",54,NA
"VE08","VE","Y/y","IT",8,"white","M",62,NA
"VE09","VE","Y/Y","IT",9,"white","M",56,NA
"VE10","VE","Y/Y","IT",5,"white","M",52,NA
"VE11","VE","Y/Y","IT",8,"white","M",63,NA
"VE12","VE","Y/Y","IT",7,"white","F",59,NA
"VE14","VE","Y/Y","IT",4,"white","F",55,"Y/y"
"VE15","VE","Y/Y","IT",10,"white","M",58,NA
"VE16","VE","Y/Y","IT",6,"white","F",59,NA
"VE18","VE","Y/Y","IT",10,"white","F",59,NA
"VE19","VE","Y/Y","IT",8,"white","M",60,NA
"VE20","VE","Y/Y","IT",3,"white","F",52,"Y/Y"
"VE21","VE","Y/Y","IT",8,"white","F",61,"Y/Y"
"VE22","VE","Y/Y","IT",9,"white","M",64,NA
"VI02","VI","Y/Y","Hybrid",5,"white","F",50,NA
"VI03","VI","Y/Y","Hybrid",7,"white","F",58,NA
"VI04","VI","Y/Y","Hybrid",8,"white","F",68,"Y/Y"
"VI05","VI","Y/Y","Hybrid",10,"white","M",73,NA
"VI06","VI","Y/Y","Hybrid",10,"white","M",70,"Y/Y"
"VI07","VI","Y/Y","Hybrid",10,"white","M",71,NA
"VI09","VI","Y/Y","Hybrid",7,"white","F",65,NA
"VI10","VI","Y/Y","Hybrid",8,"white","F",56,"Y/Y"
"VI13","VI","Y/Y","Hybrid",10,"white","M",69,NA
"VI14","VI","Y/Y","Hybrid",8,"white","F",61,NA
"VI15","VI","Y/Y","Hybrid",8,"white","M",68,NA
"VI17","VI","Y/Y","Hybrid",5,"white","F",58,NA
"VI18","VI","Y/Y","Hybrid",3,"white","F",61,NA
"VI19","VI","Y/Y","Hybrid",4,"white","F",55,"Y/Y"
"VI21","VI","Y/Y","Hybrid",8,"white","F",71,NA
"VI22","VI","Y/Y","Hybrid",6,"white","F",54,NA
"VI23","VI","Y/Y","Hybrid",7,"white","F",67,"Y/Y"
"VI24","VI","Y/Y","Hybrid",9,"white","F",67,NA
