"label","abbpop","sex","svl","tot","mass","headlength","GreenResolved","blackness","BlueResolved","morph","morph_2"
"AL01","AL","M",69,202,9.2,17.5,8,0.67,6.59,"white","white"
"AL05","AL","M",68,205,7.87,16.9,2,0.34,11.82,"white","white"
"AL08","AL","M",62,200,6,15.8,2,0.09,3.65,"orange","nonwhite"
"AL10","AL","M",59,182,5.57,14.7,1,0.42,12.25,"white","white"
"AL11","AL","M",61,168,6.72,16,9,0.57,11.49,"white","white"
"AL12","AL","M",67,191,7.8,16.5,2,0.38,10.23,"white","white"
"AL13","AL","M",62,193,5.97,15.1,1,0.28,16.56,"white","white"
"AL14","AL","M",62,161,7.94,16.4,3,0.39,23.89,"white","white"
"AL17","AL","M",62,162,6.66,15.7,3,0.18,28.54,"white","white"
"AL21","AL","M",59,184,6.37,14.6,2,0.15,12.27,"white","white"
"AL26","AL","M",73,194,9.02,17.3,3,0.53,21.68,"white","white"
"AL27","AL","M",66,180,8.23,16.5,3,0.12,8.83,"white","white"
"AL30","AL","M",61,131,8.86,18,4,0.54,NA,"white","white"
"CT02","CT","M",62,170,5.13,15.44,3,0.1946,11.865,"white","white"
"CT03","CT","M",62,145,5.24,15.17,2,0.3856,11.161,"white","white"
"CT04","CT","M",61,178,4.32,15.58,5,0.2348,9.762,"white","white"
"CT05","CT","M",55,155,4.72,14.88,3,0.2505,13.419,"white","white"
"CT06","CT","M",64,201,7.14,16.91,8,0.555,14.764,"white","white"
"CT07","CT","M",57,161,3.95,14.85,3,0.4514,3.947,"white","white"
"CT08","CT","M",64,146,6.16,16.76,7,0.3793,15.366,"white","white"
"CT09","CT","M",65,202,7.42,17.23,1,0.3546,7.666,"white","white"
"CT11","CT","M",57,150,4.62,15.09,2,0.4047,17.667,"white","white"
"CT12","CT","M",56,163,4.29,15.07,2,0.1737,12.411,"white","white"
"CT13","CT","M",63,197,5.66,15.79,7,0.2534,8.748,"orange","nonwhite"
"CT16","CT","M",59,168,5.2,15.5,6,0.3762,7.862,"white","white"
"CT20","CT","M",60,176,5.9,15.58,3,0.2341,10.617,"white","white"
"CT21","CT","M",52,136,3.39,13.16,4,0.2591,6.666,"white","white"
"CT22","CT","M",62,164,5.48,15.44,3,0.1852,10.714,"white","white"
"CT23","CT","M",55,164,3.84,13.52,2,0.2286,6.218,"white","white"
"CT24","CT","M",58,155,4.97,14.02,7,0.3781,10.097,"yellow","nonwhite"
"CT26","CT","M",61,170,5.45,15.3,1,0.2654,6.004,"white","white"
"CT27","CT","M",59,178,5.74,15.62,3,0.2436,6.77,"white","white"
"CX01","CX","M",59,111,5.37,15.5,3,0.35,40.407,"white","white"
"CX02","CX","M",61,185,6.44,15.5,4,0.39,20.432,"white","white"
"CX04","CX","M",62,203,6.85,16,2,0.31,15.06,"white","white"
"CX05","CX","M",69,191,5.74,14.3,2,0,15.143,"white","white"
"CX06","CX","M",60,177,6.56,15.7,4,0.23,11.447,"orange","nonwhite"
"CX07","CX","M",53,175,4.18,12.5,1,0.08,8.36,"orange","nonwhite"
"CX11","CX","M",59,179,5.8,15.4,2,0.31,8.908,"white","white"
"CX15","CX","M",66,155,7.59,16.1,1,0.22,11.953,"yellow","nonwhite"
"CX18","CX","M",63,132,6.02,15.1,3,0.21,8.428,"white","white"
"CX20","CX","M",66,161,6.75,16,9,0.39,14.914,"white","white"
"CX22","CX","M",65,190,5.73,15,2,0.23,33.016,"white","white"
"CX25","CX","M",62,146,5.58,15.7,7,0.21,19.221,"white","white"
"FG01","FG","M",59,187,5.46,14.8,2,0.235,7.03,"white","white"
"FG07","FG","M",62,156,5.72,15.7,3,0.0696,8.16,"orange","nonwhite"
"FG08","FG","M",59,173,5.58,15.1,1,0.2019,3.37,"orange","nonwhite"
"FG16","FG","M",62,167,5.64,15.8,2,0.4112,12.05,"orange","nonwhite"
"FG20","FG","M",68,180,7.37,17.3,8,0.4283,5.66,"white","white"
"FG22","FG","M",61,185,6.61,15.6,2,0.2761,10.33,"white","white"
"FG23","FG","M",64,168,6.3,16.1,3,0.1714,8.66,"white","white"
"FG24","FG","M",60,151,7.06,15.2,3,0.0249,5.06,"yellow","nonwhite"
"FG25","FG","M",60,169,6.09,16.1,3,0.2915,10.78,"white","white"
"FG26","FG","M",61,160,6.28,15.8,2,0.2157,6.66,"white","white"
"FG27","FG","M",66,130,8.39,17.5,2,0.2421,9.43,"white","white"
"FG28","FG","M",52,154,4.04,13.6,1,0.152,3.67,"orange","nonwhite"
"FG35","FG","M",59,179,5.49,15.62,1,0.149839957321953,NA,"white","white"
"FG37","FG","M",62,189,6.72,16.64,1,0.22162138963993,NA,"white","white"
"FG41","FG","M",58,153,4.52,15.05,1,0.245523587782028,NA,"white","white"
"FG42","FG","M",55,181,5.25,15.4,1,0.18538938662991,NA,"orange","nonwhite"
"FG43","FG","M",61,126,4.73,15.88,3,0.394906743185079,NA,"white","white"
"FG44","FG","M",58,137,5.26,15.73,1,0.297526247014824,NA,"orange","nonwhite"
"FG48","FG","M",54,131,3.87,14.05,1,0.109615696448841,NA,"white","white"
"FG52","FG","M",62,145,6.05,16.96,1,0.228603785795179,NA,"white","white"
"FG56","FG","M",65,201,6.22,15.91,1,0.415521909154718,NA,"orange","nonwhite"
"FG57","FG","M",65,166,6.9,16.9,2,0.30235141640437,NA,"white","white"
"FG58","FG","M",60,170,5.29,15.95,2,0.121585482330468,NA,"white","white"
"FG59","FG","M",67,131,6.36,17.4,3,0.0993893795660233,NA,"orange","nonwhite"
"FM02","FM","M",65,193,6.38,15,2,0.4428,6.226,"white","white"
"FM07","FM","M",57,135,4.26,13.7,2,0.1706,5.62,"white","white"
"FM08","FM","M",61,183,5.26,14.3,2,0.1661,5.312,"white","white"
"FM12","FM","M",52,139,3.66,12.6,1,0.2053,4.286,"orange","nonwhite"
"FM13","FM","M",66,156,6.96,16,7,0.2921,6.85,"white","white"
"FM14","FM","M",62,170,5.9,14.8,8,0.5514,11.844,"white","white"
"FM16","FM","M",55,165,4.44,13.5,1,0.0565,4.271,"white","white"
"FM17","FM","M",57,165,4.66,13.3,1,0.1649,3.865,"white","white"
"FM18","FM","M",65,160,7.26,15.6,3,0.29,12.915,"white","white"
"FM20","FM","M",64,180,6.36,14.9,5,0.12,11.243,"white","white"
"FM22","FM","M",65,137,6.98,17.3,8,0.09,11.645,"white","white"
"FM26","FM","M",58,175,5.07,13.3,2,0.3,9.192,"white","white"
"FM27","FM","M",63,197,6.53,15.3,2,0.28,5.332,"white","white"
"FM28","FM","M",60,182,5.29,14,1,0.09,7.96,"white","white"
"FM29","FM","M",59,142,4.89,14.8,2,0.58,8.792,"white","white"
"FM33","FM","M",62,150,5.84,15.4,7,0.29,NA,"white","white"
"IMM01","IMM","M",66,161,6.93,17.04,2,0.102179088079106,6.512,"white","white"
"IMM03","IMM","M",67,201,7.34,16.67,6,0.273979287534566,22.158,"white","white"
"IMM04","IMM","M",65,200,6.5,16.48,5,0.240184155663655,17.052,"white","white"
"IMM06","IMM","M",64,168,5.09,15.33,2,0.39695067264574,11.535,"white","white"
"IMM07","IMM","M",60,186,5,14.78,2,0.191868530573045,0,"white","white"
"IMM09","IMM","M",62,182,5.65,16.09,4,0.375082226022892,24.321,"white","white"
"IMM10","IMM","M",63,187,6.14,15.42,5,0.297286240283649,9.101,"white","white"
"IMM11","IMM","M",65,197,6.62,16.7,2,0.412085042894442,23.407,"white","white"
"IMM12","IMM","M",66,168,7.09,16.35,6,0.492021775858832,20.974,"white","white"
"IMM13","IMM","M",65,204,6.76,16.72,9,0.482724186139405,16.69,"white","white"
"IMM14","IMM","M",61,200,5.62,16.48,2,0.293468166339903,11.119,"white","white"
"IMM16","IMM","M",53,163,3.65,13.47,1,0.01,NA,"white","white"
"IMM17","IMM","M",60,74,4.58,15.11,2,0.0376186569787882,NA,"white","white"
"IMM18","IMM","M",66,158,6.32,15.96,9,0.316381882289124,NA,"white","white"
"IMM20","IMM","M",61,193,7.04,16.52,4,0.211915438821268,NA,"white","white"
"IMM22","IMM","M",65,204,7,16.06,3,0.303654562383613,NA,"white","white"
"IMM26","IMM","M",57,181,4.96,15.02,3,0.445957820738137,NA,"yellow","nonwhite"
"IMM27","IMM","M",60,150,4.73,15.27,7,0.2680864390855,NA,"orange","nonwhite"
"LS01","LS","M",62,196,6.64,16.4,1,0.1044,8.892,"white","white"
"LS02","LS","M",66,208,7.67,16.1,2,0.2096,11.079,"orange","nonwhite"
"LS03","LS","M",62,154,6.22,15.9,9,0.2134,8.128,"white","white"
"LS04","LS","M",68,202,7.34,16.6,1,0.2942,10.338,"yellow","nonwhite"
"LS06","LS","M",70,166,7.78,17.5,7,0.4157,13.963,"white","white"
"LS07","LS","M",63,187,6.36,15.6,1,0.1893,8.123,"white","white"
"LS08","LS","M",63,103,5,15.8,3,0.1005,11.85,"orange","nonwhite"
"LS09","LS","M",61,192,6.02,15.3,2,0.0841,14.15,"white","white"
"LS10","LS","M",66,192,8.36,15.8,2,0.1911,16,"orange","nonwhite"
"LS11","LS","M",73,188,7.56,16.4,2,0.2339,3.97,"white","white"
"LS13","LS","M",68,119,6.52,16.3,2,0.4756,6.69,"white","white"
"LS14","LS","M",64,188,6.39,16.8,9,0.2732,6.78,"white","white"
"LS15","LS","M",58,165,4.53,13.8,3,0.2776,5.81,"white","white"
"LS16","LS","M",64,161,7.64,17,2,0.198,11.44,"white","white"
"LS21","LS","M",66,185,7.38,16.6,2,0.0299,9.601,"orange","nonwhite"
"LS22","LS","M",63,141,6.2,15.3,2,0.2431,5.76,"white","white"
"LS24","LS","M",64,185,7.1,16.3,2,0.3384,11.39,"orange","nonwhite"
"LS25","LS","M",65,172,6.91,16,1,0.1059,10.85,"orange","nonwhite"
"LS26","LS","M",68,177,7.26,16.6,2,0.2167,4.39,"white","white"
"LS29","LS","M",65,NA,4.15,13.4,3,0.0406,3.53,"white","white"
"LS31","LS","M",68,163,NA,17.96,1,0.451109715242881,NA,"yellow","nonwhite"
"LS33","LS","M",62,142,6.09,17.22,4,0.0778805120910384,NA,"white","white"
"LS34","LS","M",64,165,6.21,16.33,3,0.323473716103621,NA,"white","white"
"LS35","LS","M",64,170,7.01,17.44,8,0.111975028376844,NA,"white","white"
"LS36","LS","M",65,158,7.08,17.17,6,0.266890675627025,NA,"white","white"
"LS37","LS","M",54,174,4.24,15.28,2,0.365882821841371,NA,"white","white"
"LS38","LS","M",64,176,6.33,16.4,4,0.297932912489169,NA,"white","white"
"LS39","LS","M",72,167,7.72,18.01,6,0.353824756606398,NA,"white","white"
"LS40","LS","M",63,145,6.01,16.73,7,0.573812375249501,NA,"orange","nonwhite"
"LS42","LS","M",57,150,4.73,15.64,2,0.136568030171163,NA,"white","white"
"LS43","LS","M",60,195,6.52,16.61,7,0.376756909725498,NA,"white","white"
"LS44","LS","M",69,161,7.14,17.93,2,0.0697806892623184,NA,"white","white"
"NL02","NL","M",67,195,6.11,15.8,3,0.33,8.85,"white","white"
"NL03","NL","M",60,151,6.28,15.9,3,0.34,11.56,"white","white"
"NL04","NL","M",55,145,3.77,13.9,2,0.3,6.02,"white","white"
"NL06","NL","M",51,83,3.01,12.5,2,0.07,7.73,"orange","nonwhite"
"NL09","NL","M",58,182,5.09,14.5,1,0.45,9.83,"white","white"
"NL10","NL","M",58,131,4.32,14.3,2,0.05,7.97,"orange","nonwhite"
"NL11","NL","M",62,195,6.39,15.9,4,0.15,22.7,"orange","nonwhite"
"NL13","NL","M",61,165,4.89,15.3,6,0.37,16.52,"yellow","nonwhite"
"NL14","NL","M",51,149,3.3,12.4,2,0,3.52,"orange","nonwhite"
"NL18","NL","M",59,175,4.96,14.5,3,0.46,17.53,"white","white"
"NL20","NL","M",66,183,6.78,16.7,3,0.33,16.25,"white","white"
"NL24","NL","M",52,158,3.29,12.3,2,0,3.18,"white","white"
"NL31","NL","M",61,196,5.93,14.9,2,NA,8.048,"white","white"
"NL33","NL","M",59,178,5.03,14.9,2,NA,10.794,"white","white"
"NL35","NL","M",63,176,5.96,16.4,1,NA,10.718,"white","white"
"NL36","NL","M",62,185,6.49,15.5,2,NA,8.149,"white","white"
"NL37","NL","M",58,192,5.76,14.1,2,NA,7.414,"orange","nonwhite"
"NL40","NL","M",62,167,5.89,15.6,2,NA,5.146,"white","white"
"NL41","NL","M",62,147,6.03,15.5,1,NA,4.716,"white","white"
"OL02","OL","M",52,170,3.75,12.65,2,0.1617,4.305,"orange","nonwhite"
"OL03","OL","M",59,148,5.98,15.94,6,0.3372,11.856,"white","white"
"OL06","OL","M",60,163,6.16,16.27,5,0.4753,19.223,"yellow","nonwhite"
"OL07","OL","M",64,193,6.61,15.4,4,0.4665,9.789,"white","white"
"OL12","OL","M",60,93,5.08,15.3,5,NA,3.589,"yellow","nonwhite"
"OL15","OL","M",62,199,6.77,15.8,6,NA,7.001,"yellow","nonwhite"
"OL16","OL","M",61,180,6.15,15,5,NA,0,"white","white"
"PN01","PN","M",66,210,7.35,16.1,3,0.37,22.641,"orange","nonwhite"
"PN03","PN","M",63,174,6.47,15.5,6,0.14,8.909,"orange","nonwhite"
"PN07","PN","M",63,202,7.05,16.2,4,0.24,16.305,"white","white"
"PN08","PN","M",70,188,8.5,17.9,6,0.64,18.047,"white","white"
"PN09","PN","M",66,202,7.72,16.8,3,0.36,15.358,"white","white"
"PN12","PN","M",58,176,5.63,14.6,3,0.02,13.818,"white","white"
"PN13","PN","M",63,136,6.21,15.3,4,0.14,11.149,"white","white"
"PN16","PN","M",65,207,7.55,16.4,4,0.37,16.391,"white","white"
"PN17","PN","M",55,69,4.2,14.3,2,0.19,8.998,"white","white"
"PN18","PN","M",60,154,4.74,14.5,2,0.08,18.868,"white","white"
"PN19","PN","M",65,205,6.33,16.3,4,0.34,19.192,"white","white"
"PN20","PN","M",65,204,6.06,16,2,0.21,20.795,"white","white"
"SA01","SA","M",62,198,5.97,15.5,2,0.24,8.096,"white","white"
"SA02","SA","M",58,83,3.84,14.3,5,0.29,10.921,"yellow","nonwhite"
"SA03","SA","M",50,114,2.6,12.2,1,0.05,6.585,"yellow","nonwhite"
"SA08","SA","M",58,79,4.55,14.5,2,0,16.983,"white","white"
"SA11","SA","M",58,78,4.08,14.4,2,0.19,12.357,"orange","nonwhite"
"SA12","SA","M",59,95,4.02,14.7,2,0.31,9.963,"orange","nonwhite"
"SA14","SA","M",65,187,6.35,15.8,7,0.31,22.026,"yellow","nonwhite"
"SA17","SA","M",63,162,5.49,15.2,6,0.42,20.121,"orange","nonwhite"
"SA23","SA","M",62,158,5.95,15.6,3,0.21,13.518,"white","white"
"SA24","SA","M",63,131,5.77,14.7,2,0.29,4.288,"white","white"
"SA25","SA","M",61,188,6.09,15,5,0.24,13.463,"white","white"
"SA26","SA","M",58,151,4.64,14.9,3,0.22,8.377,"white","white"
"SA28","SA","M",52,188,5.54,15.2,2,0.14,26.518,"yellow","nonwhite"
"SM01","SM","M",59,188,5.9,14.6,5,0.26,13.64,"white","white"
"SM03","SM","M",62,165,5.72,16,3,0.33,15.28,"white","white"
"SM06","SM","M",59,188,4.96,15.1,6,0.19,3.6,"white","white"
"SM07","SM","M",64,207,5.82,15.7,8,0.45,10.68,"yellow","nonwhite"
"SM09","SM","M",61,194,5.78,15.3,2,0.65,22.46,"orange","nonwhite"
"SM11","SM","M",55,67,3.4,13.7,2,0.17,5.91,"white","white"
"SM16","SM","M",63,80,5.22,16,10,0.5,8.44,"yellow","nonwhite"
"SM19","SM","M",58,172,4.71,14.6,3,0.43,9.48,"white","white"
"SM20","SM","M",57,160,4.6,14.7,3,0.35,7.69,"white","white"
"SM21","SM","M",56,148,4.57,14.7,1,0.51,7.99,"white","white"
"SM24","SM","M",50,160,3.42,12.7,2,0.1,2.48,"white","white"
"SM25","SM","M",61,199,5.82,15.5,6,0.25,7.22,"white","white"
"SM26","SM","M",62,186,5.9,15.7,3,0.32,8.8,"white","white"
"SM27","SM","M",60,155,5.67,15.1,4,0.32,5.11,"white","white"
"STO05","STO","M",64,167,5.9,16.04,2,0.433132466434084,14.882,"white","white"
"STO06","STO","M",64,160,6.95,16.57,1,0.493172820554254,3.909,"white","white"
"STO08","STO","M",67,182,7.88,17.7,3,0.439006865719304,13.623,"white","white"
"STO09","STO","M",63,191,6.28,16,5,0.291111111111111,7.302,"yellow","nonwhite"
"STO10","STO","M",69,174,7.49,17.52,6,0.536576989124213,25.804,"orange","nonwhite"
"STO11","STO","M",63,181,5.9,16.61,7,0.218294460641399,22.617,"white","white"
"STO12","STO","M",63,172,5.81,15.56,6,0.442389210019268,18.244,"white","white"
"STO13","STO","M",62,160,5.62,16.49,5,0.363623516110797,5.402,"white","white"
"STO17","STO","M",64,184,5.45,15.27,6,0.22753475754493,27.542,"white","white"
"STO18","STO","M",68,199,8.32,17.65,5,0.238086215063951,5.331,"white","white"
"STO20","STO","M",53,159,3.87,13.78,7,0.323508267433501,15.148,"white","white"
"STO26","STO","M",68,81,6.01,17.18,6,0.213591453128765,NA,"white","white"
"STO27","STO","M",62,151,4.79,15.73,1,0.05,NA,"white","white"
"VZ02","VZ","M",55,178,3.99,13.1,2,0.38,3.45,"white","white"
"VZ03","VZ","M",64,188,7.21,16,3,0.41,5.53,"white","white"
"VZ04","VZ","M",65,186,6.83,16.1,2,0.34,2.54,"white","white"
"VZ05","VZ","M",60,205,6.01,15.1,3,0.26,11.61,"white","white"
"VZ06","VZ","M",61,158,5.37,15.1,5,0.37,2.68,"white","white"
"VZ08","VZ","M",62,186,5.41,15.5,3,0.51,8.69,"white","white"
"VZ11","VZ","M",60,149,5.49,15.5,8,0.2,5.29,"white","white"
"VZ12","VZ","M",59,153,4.94,14.4,5,0.38,2.33,"white","white"
"VZ14","VZ","M",63,168,5.62,16.2,8,0.46,13.65,"white","white"
"VZ15","VZ","M",66,185,6.64,15.9,8,0.4,8.31,"yellow","nonwhite"
"VZ17","VZ","M",53,168,3.74,13.5,2,0.03,5.28,"white","white"
"VZ18","VZ","M",62,188,6.39,16,8,0.34,13.9,"orange","nonwhite"
"VZ19","VZ","M",63,197,5.88,15.8,3,0.08,13.14,"white","white"
"VZ20","VZ","M",58,164,5.47,15,3,0.41,6.94,"white","white"
"VZ22","VZ","M",66,161,6.68,15.9,8,0.45,19.94,"white","white"
"VZ23","VZ","M",63,200,6.3,15.9,5,0.46,1.52,"white","white"
"VZ26","VZ","M",55,154,4.34,13.7,2,0.03,6.03,"white","white"
"VZ27","VZ","M",55,173,4.45,13.8,2,0.19,8.57,"yellow","nonwhite"
"VZ50","VZ","M",61,193,4.96,15.2,4,NA,NA,"white","white"
"VZ51","VZ","M",62,162,5.78,15.8,7,NA,NA,"white","white"
"VZ53","VZ","M",60,158,4.29,15.4,8,NA,NA,"white","white"
"VZ54","VZ","M",51,160,2.21,12.6,1,NA,NA,"white","white"
"VZ55","VZ","M",51,168,3.58,12.5,2,NA,NA,"white","white"
"VZ56","VZ","M",52,145,2.72,12.5,1,NA,NA,"white","white"
"VZ57","VZ","M",66,182,7.55,16.5,3,NA,NA,"white","white"
"VZ58","VZ","M",64,165,5.81,15.9,8,NA,NA,"white","white"
"VZ61","VZ","M",64,195,6.31,15.4,8,NA,NA,"white","white"
